[{"model": "admin.logentry", "pk": 1, "fields": {"action_time": "2025-05-30T20:42:41.100Z", "user": 1, "content_type": 11, "object_id": "3", "object_repr": "customer1 (customer)", "action_flag": 2, "change_message": "[{\"changed\": {\"fields\": [\"Role\"]}}]"}}, {"model": "admin.logentry", "pk": 2, "fields": {"action_time": "2025-05-30T20:43:07.689Z", "user": 1, "content_type": 11, "object_id": "4", "object_repr": "customer2 (customer)", "action_flag": 2, "change_message": "[{\"changed\": {\"fields\": [\"First name\", \"Last name\", \"Email address\", \"Role\"]}}]"}}, {"model": "admin.logentry", "pk": 3, "fields": {"action_time": "2025-05-30T20:43:26.817Z", "user": 1, "content_type": 11, "object_id": "3", "object_repr": "customer1 (customer)", "action_flag": 2, "change_message": "[{\"changed\": {\"fields\": [\"First name\", \"Last name\", \"Email address\"]}}]"}}, {"model": "admin.logentry", "pk": 4, "fields": {"action_time": "2025-05-30T20:43:56.414Z", "user": 1, "content_type": 11, "object_id": "2", "object_repr": "staff (staff)", "action_flag": 2, "change_message": "[{\"changed\": {\"fields\": [\"First name\", \"Last name\", \"Email address\"]}}]"}}, {"model": "admin.logentry", "pk": 5, "fields": {"action_time": "2025-05-30T20:44:06.099Z", "user": 1, "content_type": 11, "object_id": "1", "object_repr": "admin (admin)", "action_flag": 2, "change_message": "[{\"changed\": {\"fields\": [\"Role\"]}}]"}}, {"model": "admin.logentry", "pk": 6, "fields": {"action_time": "2025-05-30T20:44:14.182Z", "user": 1, "content_type": 11, "object_id": "2", "object_repr": "staff (staff)", "action_flag": 2, "change_message": "[{\"changed\": {\"fields\": [\"Superuser status\"]}}]"}}, {"model": "admin.logentry", "pk": 7, "fields": {"action_time": "2025-05-30T20:44:20.286Z", "user": 1, "content_type": 11, "object_id": "3", "object_repr": "customer1 (customer)", "action_flag": 2, "change_message": "[{\"changed\": {\"fields\": [\"Superuser status\"]}}]"}}, {"model": "admin.logentry", "pk": 8, "fields": {"action_time": "2025-05-30T20:45:44.114Z", "user": 1, "content_type": 15, "object_id": "1", "object_repr": "Zesto Corp", "action_flag": 1, "change_message": "[{\"added\": {}}]"}}, {"model": "admin.logentry", "pk": 9, "fields": {"action_time": "2025-05-30T20:46:10.553Z", "user": 1, "content_type": 6, "object_id": "1", "object_repr": "foods", "action_flag": 1, "change_message": "[{\"added\": {}}]"}}, {"model": "admin.logentry", "pk": 10, "fields": {"action_time": "2025-05-30T20:46:22.972Z", "user": 1, "content_type": 6, "object_id": "2", "object_repr": "condiments", "action_flag": 1, "change_message": "[{\"added\": {}}]"}}, {"model": "admin.logentry", "pk": 11, "fields": {"action_time": "2025-05-30T20:46:40.250Z", "user": 1, "content_type": 6, "object_id": "3", "object_repr": "condiments -> dressings", "action_flag": 1, "change_message": "[{\"added\": {}}]"}}, {"model": "admin.logentry", "pk": 12, "fields": {"action_time": "2025-05-30T21:03:47.131Z", "user": 1, "content_type": 11, "object_id": "2", "object_repr": "staff (staff)", "action_flag": 2, "change_message": "[{\"changed\": {\"fields\": [\"User permissions\"]}}]"}}, {"model": "admin.logentry", "pk": 13, "fields": {"action_time": "2025-05-30T21:04:00.473Z", "user": 1, "content_type": 11, "object_id": "1", "object_repr": "admin (admin)", "action_flag": 2, "change_message": "[{\"changed\": {\"fields\": [\"User permissions\"]}}]"}}, {"model": "admin.logentry", "pk": 14, "fields": {"action_time": "2025-05-30T21:06:18.964Z", "user": 1, "content_type": 11, "object_id": "3", "object_repr": "customer1 (customer)", "action_flag": 2, "change_message": "[{\"changed\": {\"fields\": [\"User permissions\"]}}]"}}, {"model": "admin.logentry", "pk": 15, "fields": {"action_time": "2025-05-30T21:07:54.298Z", "user": 1, "content_type": 11, "object_id": "4", "object_repr": "customer2 (customer)", "action_flag": 2, "change_message": "[{\"changed\": {\"fields\": [\"User permissions\"]}}]"}}, {"model": "admin.logentry", "pk": 16, "fields": {"action_time": "2025-05-30T23:06:05.084Z", "user": 1, "content_type": 18, "object_id": "3", "object_repr": "Order ORDO1NOJEBQ - customer1", "action_flag": 3, "change_message": ""}}, {"model": "admin.logentry", "pk": 17, "fields": {"action_time": "2025-05-30T23:06:05.084Z", "user": 1, "content_type": 18, "object_id": "2", "object_repr": "Order ORDCK5RRLTC - customer1", "action_flag": 3, "change_message": ""}}, {"model": "admin.logentry", "pk": 18, "fields": {"action_time": "2025-05-30T23:06:05.084Z", "user": 1, "content_type": 18, "object_id": "1", "object_repr": "Order ORDFQKU2JKJ - customer1", "action_flag": 3, "change_message": ""}}, {"model": "admin.logentry", "pk": 19, "fields": {"action_time": "2025-05-30T23:12:33.709Z", "user": 1, "content_type": 18, "object_id": "4", "object_repr": "Order ORDOYZVI5EN - customer1", "action_flag": 2, "change_message": "[{\"changed\": {\"fields\": [\"Expected delivery date\", \"Shipping address\", \"Billing address\"]}}]"}}, {"model": "admin.logentry", "pk": 20, "fields": {"action_time": "2025-05-31T04:26:41.339Z", "user": 5, "content_type": 11, "object_id": "5", "object_repr": "admin2 (admin)", "action_flag": 2, "change_message": "[{\"changed\": {\"fields\": [\"Role\"]}}]"}}, {"model": "admin.logentry", "pk": 21, "fields": {"action_time": "2025-05-31T04:32:08.619Z", "user": 5, "content_type": 11, "object_id": "6", "object_repr": "delivery (delivery)", "action_flag": 1, "change_message": "[{\"added\": {}}]"}}, {"model": "admin.logentry", "pk": 22, "fields": {"action_time": "2025-05-31T04:33:03.661Z", "user": 5, "content_type": 11, "object_id": "6", "object_repr": "delivery (delivery)", "action_flag": 2, "change_message": "[{\"changed\": {\"fields\": [\"Staff status\"]}}]"}}, {"model": "admin.logentry", "pk": 23, "fields": {"action_time": "2025-05-31T07:14:05.087Z", "user": 5, "content_type": 11, "object_id": "7", "object_repr": "staff3 (staff)", "action_flag": 3, "change_message": ""}}, {"model": "admin.logentry", "pk": 24, "fields": {"action_time": "2025-05-31T10:30:00.101Z", "user": 1, "content_type": 11, "object_id": "3", "object_repr": "customer1 (customer)", "action_flag": 2, "change_message": "[{\"changed\": {\"fields\": [\"Staff status\"]}}]"}}, {"model": "admin.logentry", "pk": 25, "fields": {"action_time": "2025-05-31T10:30:38.792Z", "user": 1, "content_type": 18, "object_id": "6", "object_repr": "Order ORDWIQTEJZR - customer1", "action_flag": 2, "change_message": "[]"}}, {"model": "admin.logentry", "pk": 26, "fields": {"action_time": "2025-05-31T10:34:02.274Z", "user": 1, "content_type": 11, "object_id": "8", "object_repr": "staff3 (staff)", "action_flag": 2, "change_message": "[]"}}, {"model": "admin.logentry", "pk": 27, "fields": {"action_time": "2025-05-31T10:37:59.227Z", "user": 1, "content_type": 11, "object_id": "9", "object_repr": "Jo (staff)", "action_flag": 3, "change_message": ""}}, {"model": "admin.logentry", "pk": 28, "fields": {"action_time": "2025-05-31T14:43:40.146Z", "user": 1, "content_type": 6, "object_id": "4", "object_repr": "foods -> drinks", "action_flag": 1, "change_message": "[{\"added\": {}}]"}}, {"model": "admin.logentry", "pk": 29, "fields": {"action_time": "2025-05-31T14:43:54.434Z", "user": 1, "content_type": 7, "object_id": "1", "object_repr": "Zesto Orange Juice", "action_flag": 2, "change_message": "[{\"changed\": {\"fields\": [\"Category\"]}}]"}}, {"model": "admin.logentry", "pk": 30, "fields": {"action_time": "2025-05-31T14:58:56.442Z", "user": 1, "content_type": 15, "object_id": "2", "object_repr": "Gardenia", "action_flag": 1, "change_message": "[{\"added\": {}}]"}}, {"model": "admin.logentry", "pk": 31, "fields": {"action_time": "2025-05-31T14:59:24.460Z", "user": 1, "content_type": 6, "object_id": "5", "object_repr": "foods -> bread", "action_flag": 1, "change_message": "[{\"added\": {}}]"}}, {"model": "admin.logentry", "pk": 32, "fields": {"action_time": "2025-05-31T15:00:30.273Z", "user": 1, "content_type": 7, "object_id": "2", "object_repr": "Gardenia", "action_flag": 1, "change_message": "[{\"added\": {}}]"}}, {"model": "admin.logentry", "pk": 33, "fields": {"action_time": "2025-05-31T15:27:57.474Z", "user": 1, "content_type": 15, "object_id": "3", "object_repr": "Del Monte", "action_flag": 1, "change_message": "[{\"added\": {}}]"}}, {"model": "admin.logentry", "pk": 34, "fields": {"action_time": "2025-05-31T15:28:36.659Z", "user": 1, "content_type": 6, "object_id": "6", "object_repr": "condiments -> dressings -> ketchup", "action_flag": 1, "change_message": "[{\"added\": {}}]"}}, {"model": "admin.logentry", "pk": 35, "fields": {"action_time": "2025-05-31T15:29:15.014Z", "user": 1, "content_type": 6, "object_id": "7", "object_repr": "condiments -> dressings -> ketchup -> Tomato Ketchup", "action_flag": 1, "change_message": "[{\"added\": {}}]"}}, {"model": "admin.logentry", "pk": 36, "fields": {"action_time": "2025-05-31T15:29:36.403Z", "user": 1, "content_type": 6, "object_id": "8", "object_repr": "condiments -> dressings -> ketchup -> Banana Ketchup", "action_flag": 1, "change_message": "[{\"added\": {}}]"}}, {"model": "admin.logentry", "pk": 37, "fields": {"action_time": "2025-05-31T15:30:39.941Z", "user": 1, "content_type": 7, "object_id": "3", "object_repr": "Del Monte Tomato Ketchup", "action_flag": 1, "change_message": "[{\"added\": {}}]"}}, {"model": "admin.logentry", "pk": 38, "fields": {"action_time": "2025-05-31T15:54:50.398Z", "user": 1, "content_type": 7, "object_id": "5", "object_repr": "Zesto Orange Juice", "action_flag": 3, "change_message": ""}}, {"model": "admin.logentry", "pk": 39, "fields": {"action_time": "2025-05-31T15:54:50.398Z", "user": 1, "content_type": 7, "object_id": "4", "object_repr": "Zesto Orange Juice", "action_flag": 3, "change_message": ""}}, {"model": "admin.logentry", "pk": 40, "fields": {"action_time": "2025-05-31T15:54:50.398Z", "user": 1, "content_type": 7, "object_id": "1", "object_repr": "Zesto Orange Juice", "action_flag": 3, "change_message": ""}}, {"model": "admin.logentry", "pk": 41, "fields": {"action_time": "2025-05-31T15:55:32.161Z", "user": 1, "content_type": 7, "object_id": "6", "object_repr": "Zesto Orange Juice", "action_flag": 1, "change_message": "[{\"added\": {}}]"}}, {"model": "admin.logentry", "pk": 42, "fields": {"action_time": "2025-05-31T16:04:39.271Z", "user": 1, "content_type": 17, "object_id": "9", "object_repr": "Delivery for Order: ORDHIDB68OW - Status: pending", "action_flag": 2, "change_message": "[]"}}, {"model": "admin.logentry", "pk": 43, "fields": {"action_time": "2025-05-31T16:04:52.808Z", "user": 1, "content_type": 17, "object_id": "8", "object_repr": "Delivery for Order: ORDJTK43EAX - Status: pending", "action_flag": 3, "change_message": ""}}, {"model": "admin.logentry", "pk": 44, "fields": {"action_time": "2025-05-31T16:04:52.808Z", "user": 1, "content_type": 17, "object_id": "7", "object_repr": "Delivery for Order: ORD4ZWQ9S1U - Status: pending", "action_flag": 3, "change_message": ""}}, {"model": "admin.logentry", "pk": 45, "fields": {"action_time": "2025-05-31T16:04:52.808Z", "user": 1, "content_type": 17, "object_id": "6", "object_repr": "Delivery for Order: ORDWIQTEJZR - Status: pending", "action_flag": 3, "change_message": ""}}, {"model": "admin.logentry", "pk": 46, "fields": {"action_time": "2025-05-31T16:04:52.808Z", "user": 1, "content_type": 17, "object_id": "5", "object_repr": "Delivery for Order: ORD1B168D7G - Status: pending", "action_flag": 3, "change_message": ""}}, {"model": "admin.logentry", "pk": 47, "fields": {"action_time": "2025-05-31T16:04:52.808Z", "user": 1, "content_type": 17, "object_id": "4", "object_repr": "Delivery for Order: ORDOYZVI5EN - Status: pending", "action_flag": 3, "change_message": ""}}, {"model": "admin.logentry", "pk": 48, "fields": {"action_time": "2025-05-31T16:39:27.833Z", "user": 1, "content_type": 17, "object_id": "9", "object_repr": "Delivery for Order ORDHIDB68OW - Status: Delivered", "action_flag": 3, "change_message": ""}}, {"model": "admin.logentry", "pk": 49, "fields": {"action_time": "2025-05-31T16:39:36.168Z", "user": 1, "content_type": 17, "object_id": "11", "object_repr": "Delivery for Order ORD02A29GAZ - Status: Pending Dispatch", "action_flag": 3, "change_message": ""}}, {"model": "admin.logentry", "pk": 50, "fields": {"action_time": "2025-05-31T16:39:36.168Z", "user": 1, "content_type": 17, "object_id": "10", "object_repr": "Delivery for Order ORDU27NGJS1 - Status: Delivered", "action_flag": 3, "change_message": ""}}, {"model": "admin.logentry", "pk": 51, "fields": {"action_time": "2025-05-31T17:07:38.925Z", "user": 11, "content_type": 18, "object_id": "11", "object_repr": "Order ORD02A29GAZ - customer1", "action_flag": 3, "change_message": ""}}, {"model": "admin.logentry", "pk": 52, "fields": {"action_time": "2025-05-31T17:07:38.925Z", "user": 11, "content_type": 18, "object_id": "10", "object_repr": "Order ORDU27NGJS1 - customer1", "action_flag": 3, "change_message": ""}}, {"model": "admin.logentry", "pk": 53, "fields": {"action_time": "2025-05-31T17:07:38.925Z", "user": 11, "content_type": 18, "object_id": "9", "object_repr": "Order ORDHIDB68OW - customer1", "action_flag": 3, "change_message": ""}}, {"model": "admin.logentry", "pk": 54, "fields": {"action_time": "2025-05-31T17:09:12.856Z", "user": 11, "content_type": 18, "object_id": "12", "object_repr": "Order ORDZ7ZEL3KR - customer1", "action_flag": 3, "change_message": ""}}, {"model": "admin.logentry", "pk": 55, "fields": {"action_time": "2025-05-31T17:14:40.186Z", "user": 1, "content_type": 21, "object_id": "5", "object_repr": "Zesto Orange Juice (120ml)", "action_flag": 2, "change_message": "[{\"changed\": {\"fields\": [\"Size\"]}}]"}}, {"model": "admin.logentry", "pk": 56, "fields": {"action_time": "2025-05-31T17:15:01.944Z", "user": 1, "content_type": 21, "object_id": "3", "object_repr": "Gardenia (Net wt. 56g)", "action_flag": 2, "change_message": "[{\"changed\": {\"fields\": [\"Size\"]}}]"}}, {"model": "admin.logentry", "pk": 57, "fields": {"action_time": "2025-05-31T17:15:09.089Z", "user": 1, "content_type": 21, "object_id": "2", "object_repr": "Del Monte Tomato Ketchup (100ml)", "action_flag": 2, "change_message": "[{\"changed\": {\"fields\": [\"Size\"]}}]"}}, {"model": "admin.logentry", "pk": 58, "fields": {"action_time": "2025-06-01T03:59:01.902Z", "user": 1, "content_type": 11, "object_id": "8", "object_repr": "delivery2 (delivery)", "action_flag": 2, "change_message": "[{\"changed\": {\"fields\": [\"Username\", \"First name\", \"Last name\", \"Role\"]}}]"}}, {"model": "admin.logentry", "pk": 59, "fields": {"action_time": "2025-06-01T04:47:25.896Z", "user": 1, "content_type": 11, "object_id": "8", "object_repr": "delivery2 (supplier)", "action_flag": 2, "change_message": "[{\"changed\": {\"fields\": [\"Role\"]}}]"}}, {"model": "admin.logentry", "pk": 60, "fields": {"action_time": "2025-06-01T04:53:12.181Z", "user": 1, "content_type": 11, "object_id": "8", "object_repr": "delivery2 (supplier)", "action_flag": 2, "change_message": "[{\"changed\": {\"fields\": [\"Is approved\"]}}]"}}, {"model": "admin.logentry", "pk": 61, "fields": {"action_time": "2025-06-01T04:55:05.413Z", "user": 1, "content_type": 11, "object_id": "8", "object_repr": "delivery2 (supplier)", "action_flag": 3, "change_message": ""}}, {"model": "admin.logentry", "pk": 62, "fields": {"action_time": "2025-06-01T05:00:01.282Z", "user": 1, "content_type": 11, "object_id": "12", "object_repr": "suppliersana (supplier)", "action_flag": 2, "change_message": "[{\"changed\": {\"fields\": [\"Is approved\"]}}]"}}, {"model": "admin.logentry", "pk": 63, "fields": {"action_time": "2025-06-01T05:05:49.563Z", "user": 1, "content_type": 11, "object_id": "12", "object_repr": "delivery2 (delivery)", "action_flag": 2, "change_message": "[{\"changed\": {\"fields\": [\"Username\", \"Role\"]}}]"}}, {"model": "admin.logentry", "pk": 64, "fields": {"action_time": "2025-06-01T05:10:10.151Z", "user": 1, "content_type": 15, "object_id": "1", "object_repr": "Zesto Corp", "action_flag": 2, "change_message": "[{\"changed\": {\"fields\": [\"Email\"]}}]"}}, {"model": "admin.logentry", "pk": 65, "fields": {"action_time": "2025-06-01T05:10:16.706Z", "user": 1, "content_type": 15, "object_id": "2", "object_repr": "Gardenia", "action_flag": 2, "change_message": "[{\"changed\": {\"fields\": [\"Email\"]}}]"}}, {"model": "admin.logentry", "pk": 66, "fields": {"action_time": "2025-06-01T05:10:20.984Z", "user": 1, "content_type": 15, "object_id": "3", "object_repr": "Del Monte", "action_flag": 2, "change_message": "[{\"changed\": {\"fields\": [\"Email\"]}}]"}}, {"model": "admin.logentry", "pk": 67, "fields": {"action_time": "2025-06-01T05:43:35.034Z", "user": 1, "content_type": 11, "object_id": "12", "object_repr": "delivery2 (supplier)", "action_flag": 2, "change_message": "[{\"changed\": {\"fields\": [\"Role\"]}}]"}}, {"model": "admin.logentry", "pk": 68, "fields": {"action_time": "2025-06-01T06:01:43.238Z", "user": 1, "content_type": 11, "object_id": "12", "object_repr": "delivery2 (delivery)", "action_flag": 2, "change_message": "[{\"changed\": {\"fields\": [\"Role\", \"Is approved\"]}}]"}}, {"model": "admin.logentry", "pk": 69, "fields": {"action_time": "2025-06-01T06:02:22.751Z", "user": 1, "content_type": 11, "object_id": "12", "object_repr": "delivery2 (supplier)", "action_flag": 2, "change_message": "[{\"changed\": {\"fields\": [\"Role\"]}}]"}}, {"model": "admin.logentry", "pk": 70, "fields": {"action_time": "2025-06-01T06:08:52.003Z", "user": 1, "content_type": 11, "object_id": "12", "object_repr": "delivery2 (delivery)", "action_flag": 2, "change_message": "[{\"changed\": {\"fields\": [\"Role\", \"Is approved\"]}}]"}}, {"model": "admin.logentry", "pk": 71, "fields": {"action_time": "2025-06-01T06:10:38.512Z", "user": 1, "content_type": 11, "object_id": "13", "object_repr": "suppliersana (supplier)", "action_flag": 2, "change_message": "[{\"changed\": {\"fields\": [\"Role\"]}}]"}}, {"model": "admin.logentry", "pk": 72, "fields": {"action_time": "2025-06-01T06:17:19.817Z", "user": 1, "content_type": 15, "object_id": "2", "object_repr": "Gardenia", "action_flag": 2, "change_message": "[{\"changed\": {\"fields\": [\"Email\"]}}]"}}, {"model": "admin.logentry", "pk": 73, "fields": {"action_time": "2025-06-01T06:17:26.639Z", "user": 1, "content_type": 15, "object_id": "3", "object_repr": "Del Monte", "action_flag": 2, "change_message": "[{\"changed\": {\"fields\": [\"Email\"]}}]"}}, {"model": "admin.logentry", "pk": 74, "fields": {"action_time": "2025-06-01T06:17:29.232Z", "user": 1, "content_type": 15, "object_id": "1", "object_repr": "Zesto Corp", "action_flag": 2, "change_message": "[]"}}, {"model": "admin.logentry", "pk": 75, "fields": {"action_time": "2025-06-01T06:17:31.555Z", "user": 1, "content_type": 15, "object_id": "2", "object_repr": "Gardenia", "action_flag": 2, "change_message": "[]"}}, {"model": "admin.logentry", "pk": 76, "fields": {"action_time": "2025-06-01T06:17:35.083Z", "user": 1, "content_type": 15, "object_id": "3", "object_repr": "Del Monte", "action_flag": 2, "change_message": "[]"}}, {"model": "admin.logentry", "pk": 77, "fields": {"action_time": "2025-06-01T06:17:39.738Z", "user": 1, "content_type": 15, "object_id": "1", "object_repr": "Zesto Corp", "action_flag": 2, "change_message": "[]"}}, {"model": "admin.logentry", "pk": 78, "fields": {"action_time": "2025-06-01T10:08:13.926Z", "user": 1, "content_type": 11, "object_id": "12", "object_repr": "delivery2 (delivery)", "action_flag": 3, "change_message": ""}}, {"model": "admin.logentry", "pk": 79, "fields": {"action_time": "2025-06-01T10:42:15.831Z", "user": 1, "content_type": 11, "object_id": "15", "object_repr": "deliveryako (delivery)", "action_flag": 2, "change_message": "[{\"changed\": {\"fields\": [\"Role\"]}}]"}}, {"model": "admin.logentry", "pk": 80, "fields": {"action_time": "2025-06-01T18:35:50.189Z", "user": 1, "content_type": 18, "object_id": "15", "object_repr": "Order ORD6AZ29HYK - customer2", "action_flag": 3, "change_message": ""}}, {"model": "admin.logentry", "pk": 81, "fields": {"action_time": "2025-06-01T23:05:22.237Z", "user": 1, "content_type": 11, "object_id": "10", "object_repr": "Jo (delivery)", "action_flag": 2, "change_message": "[{\"changed\": {\"fields\": [\"User permissions\"]}}]"}}, {"model": "admin.logentry", "pk": 82, "fields": {"action_time": "2025-06-01T23:10:09.170Z", "user": 1, "content_type": 11, "object_id": "10", "object_repr": "Jo (delivery)", "action_flag": 2, "change_message": "[{\"changed\": {\"fields\": [\"User permissions\"]}}]"}}, {"model": "admin.logentry", "pk": 83, "fields": {"action_time": "2025-06-02T07:08:02.944Z", "user": 1, "content_type": 11, "object_id": "10", "object_repr": "Jo (customer)", "action_flag": 2, "change_message": "[{\"changed\": {\"fields\": [\"Role\"]}}]"}}, {"model": "admin.logentry", "pk": 84, "fields": {"action_time": "2025-06-02T07:09:11.554Z", "user": 1, "content_type": 11, "object_id": "10", "object_repr": "Jo (customer)", "action_flag": 2, "change_message": "[{\"changed\": {\"fields\": [\"First name\", \"Last name\"]}}]"}}, {"model": "admin.logentry", "pk": 85, "fields": {"action_time": "2025-06-02T08:24:47.397Z", "user": 1, "content_type": 18, "object_id": "26", "object_repr": "Order ORDHRW7EKDG - Jo", "action_flag": 3, "change_message": ""}}, {"model": "admin.logentry", "pk": 86, "fields": {"action_time": "2025-06-02T08:24:47.397Z", "user": 1, "content_type": 18, "object_id": "25", "object_repr": "Order ORD18E15UDM - Jo", "action_flag": 3, "change_message": ""}}, {"model": "admin.logentry", "pk": 87, "fields": {"action_time": "2025-06-02T08:24:47.397Z", "user": 1, "content_type": 18, "object_id": "23", "object_repr": "Order ORD6CVH2MP9 - Jo", "action_flag": 3, "change_message": ""}}, {"model": "admin.logentry", "pk": 88, "fields": {"action_time": "2025-06-02T08:29:08.745Z", "user": 1, "content_type": 7, "object_id": "7", "object_repr": "Del Monte Tomato Ketchup", "action_flag": 3, "change_message": ""}}, {"model": "admin.logentry", "pk": 89, "fields": {"action_time": "2025-06-02T13:20:24.895Z", "user": 1, "content_type": 7, "object_id": "3", "object_repr": "Del Monte Tomato Ketchup", "action_flag": 2, "change_message": "[]"}}, {"model": "admin.logentry", "pk": 90, "fields": {"action_time": "2025-06-02T13:23:53.661Z", "user": 1, "content_type": 7, "object_id": "3", "object_repr": "Del Monte Tomato Ketchup", "action_flag": 2, "change_message": "[{\"changed\": {\"fields\": [\"Image\", \"Unit\", \"Price\"]}}]"}}, {"model": "admin.logentry", "pk": 91, "fields": {"action_time": "2025-06-02T13:30:57.568Z", "user": 1, "content_type": 21, "object_id": "2", "object_repr": "Del Monte Tomato Ketchup (Net Wt. 320g)", "action_flag": 2, "change_message": "[{\"changed\": {\"fields\": [\"Size\", \"Price\"]}}]"}}, {"model": "admin.logentry", "pk": 92, "fields": {"action_time": "2025-06-02T13:32:41.605Z", "user": 1, "content_type": 21, "object_id": "5", "object_repr": "Zesto Orange Juice", "action_flag": 2, "change_message": "[{\"changed\": {\"fields\": [\"Size\"]}}]"}}, {"model": "admin.logentry", "pk": 93, "fields": {"action_time": "2025-06-02T13:33:02.655Z", "user": 1, "content_type": 7, "object_id": "6", "object_repr": "Zesto Orange Juice", "action_flag": 2, "change_message": "[{\"changed\": {\"fields\": [\"Image\"]}}]"}}, {"model": "admin.logentry", "pk": 94, "fields": {"action_time": "2025-06-02T18:53:33.235Z", "user": 1, "content_type": 21, "object_id": "3", "object_repr": "Gardenia (Net wt. 56g)", "action_flag": 2, "change_message": "[]"}}, {"model": "admin.logentry", "pk": 95, "fields": {"action_time": "2025-06-02T19:56:14.307Z", "user": 1, "content_type": 11, "object_id": "13", "object_repr": "suppliersana (supplier)", "action_flag": 2, "change_message": "[{\"changed\": {\"fields\": [\"Is approved\"]}}]"}}, {"model": "admin.logentry", "pk": 96, "fields": {"action_time": "2025-06-02T22:16:22.587Z", "user": 1, "content_type": 18, "object_id": "32", "object_repr": "Order ORDY2LIPXTA - Jo", "action_flag": 3, "change_message": ""}}, {"model": "admin.logentry", "pk": 97, "fields": {"action_time": "2025-06-02T22:16:22.587Z", "user": 1, "content_type": 18, "object_id": "31", "object_repr": "Order ORD3GVQJNUH - Jo", "action_flag": 3, "change_message": ""}}, {"model": "admin.logentry", "pk": 98, "fields": {"action_time": "2025-06-02T22:16:22.587Z", "user": 1, "content_type": 18, "object_id": "30", "object_repr": "Order ORDMT5ZWN70 - Jo", "action_flag": 3, "change_message": ""}}, {"model": "admin.logentry", "pk": 99, "fields": {"action_time": "2025-06-02T22:16:22.587Z", "user": 1, "content_type": 18, "object_id": "29", "object_repr": "Order ORD4FTHDSDH - Jo", "action_flag": 3, "change_message": ""}}, {"model": "admin.logentry", "pk": 100, "fields": {"action_time": "2025-06-02T22:16:22.587Z", "user": 1, "content_type": 18, "object_id": "28", "object_repr": "Order ORDLEUZG9N9 - Jo", "action_flag": 3, "change_message": ""}}, {"model": "admin.logentry", "pk": 101, "fields": {"action_time": "2025-06-02T22:16:22.587Z", "user": 1, "content_type": 18, "object_id": "27", "object_repr": "Order ORD34X8TQ4R - Jo", "action_flag": 3, "change_message": ""}}, {"model": "admin.logentry", "pk": 102, "fields": {"action_time": "2025-06-02T22:16:22.587Z", "user": 1, "content_type": 18, "object_id": "24", "object_repr": "Order ORDALHCSTXX - Jo", "action_flag": 3, "change_message": ""}}, {"model": "admin.logentry", "pk": 103, "fields": {"action_time": "2025-06-02T22:16:22.587Z", "user": 1, "content_type": 18, "object_id": "22", "object_repr": "Order ORDPPONK39U - Jo", "action_flag": 3, "change_message": ""}}, {"model": "admin.logentry", "pk": 104, "fields": {"action_time": "2025-06-02T22:16:22.587Z", "user": 1, "content_type": 18, "object_id": "21", "object_repr": "Order ORDDLONDQ7U - Jo", "action_flag": 3, "change_message": ""}}, {"model": "admin.logentry", "pk": 105, "fields": {"action_time": "2025-06-02T22:16:22.587Z", "user": 1, "content_type": 18, "object_id": "14", "object_repr": "Order ORDNZA5P8W1 - customer2", "action_flag": 3, "change_message": ""}}, {"model": "admin.logentry", "pk": 106, "fields": {"action_time": "2025-06-02T22:17:14.223Z", "user": 1, "content_type": 18, "object_id": "34", "object_repr": "Order ORDNVVUT78V - customer3", "action_flag": 3, "change_message": ""}}, {"model": "admin.logentry", "pk": 107, "fields": {"action_time": "2025-06-02T22:17:14.223Z", "user": 1, "content_type": 18, "object_id": "33", "object_repr": "Order ORD0Y7G9QRU - Guest", "action_flag": 3, "change_message": ""}}, {"model": "admin.logentry", "pk": 108, "fields": {"action_time": "2025-06-02T22:17:14.223Z", "user": 1, "content_type": 18, "object_id": "20", "object_repr": "Order ORDOQNY6A2P - customer1", "action_flag": 3, "change_message": ""}}, {"model": "admin.logentry", "pk": 109, "fields": {"action_time": "2025-06-02T22:17:14.223Z", "user": 1, "content_type": 18, "object_id": "19", "object_repr": "Order ORDRRFBREQM - customerako", "action_flag": 3, "change_message": ""}}, {"model": "admin.logentry", "pk": 110, "fields": {"action_time": "2025-06-02T22:17:14.223Z", "user": 1, "content_type": 18, "object_id": "18", "object_repr": "Order ORDTFO0SOM2 - customerako", "action_flag": 3, "change_message": ""}}, {"model": "admin.logentry", "pk": 111, "fields": {"action_time": "2025-06-02T22:17:14.223Z", "user": 1, "content_type": 18, "object_id": "17", "object_repr": "Order ORDLXW389GK - customer2", "action_flag": 3, "change_message": ""}}, {"model": "admin.logentry", "pk": 112, "fields": {"action_time": "2025-06-02T22:17:14.223Z", "user": 1, "content_type": 18, "object_id": "16", "object_repr": "Order ORDFYXPOAT8 - customer2", "action_flag": 3, "change_message": ""}}, {"model": "admin.logentry", "pk": 113, "fields": {"action_time": "2025-06-02T22:17:14.223Z", "user": 1, "content_type": 18, "object_id": "13", "object_repr": "Order ORDLRGIDZDZ - customer2", "action_flag": 3, "change_message": ""}}, {"model": "admin.logentry", "pk": 114, "fields": {"action_time": "2025-06-02T22:33:36.334Z", "user": 1, "content_type": 17, "object_id": "36", "object_repr": "Delivery for Order ORDWXDXBOS5 - Status: Pending Dispatch", "action_flag": 3, "change_message": ""}}, {"model": "admin.logentry", "pk": 115, "fields": {"action_time": "2025-06-02T22:33:36.334Z", "user": 1, "content_type": 17, "object_id": "35", "object_repr": "Delivery for Order ORD2DRUP15B - Status: Pending Dispatch", "action_flag": 3, "change_message": ""}}, {"model": "admin.logentry", "pk": 116, "fields": {"action_time": "2025-06-02T22:33:53.769Z", "user": 1, "content_type": 11, "object_id": "17", "object_repr": "jojo (customer)", "action_flag": 2, "change_message": "[]"}}, {"model": "admin.logentry", "pk": 117, "fields": {"action_time": "2025-06-02T23:04:11.408Z", "user": 1, "content_type": 6, "object_id": "7", "object_repr": "condiments -> dressings -> ketchup -> Tomato Ketchup", "action_flag": 2, "change_message": "[]"}}, {"model": "admin.logentry", "pk": 118, "fields": {"action_time": "2025-06-02T23:18:41.796Z", "user": 1, "content_type": 6, "object_id": "9", "object_repr": "Cleaning Supplies", "action_flag": 1, "change_message": "[{\"added\": {}}]"}}, {"model": "admin.logentry", "pk": 119, "fields": {"action_time": "2025-06-02T23:18:58.397Z", "user": 1, "content_type": 6, "object_id": "9", "object_repr": "Cleaning Supplies", "action_flag": 2, "change_message": "[{\"changed\": {\"fields\": [\"Description\"]}}]"}}, {"model": "admin.logentry", "pk": 120, "fields": {"action_time": "2025-06-02T23:20:09.441Z", "user": 1, "content_type": 6, "object_id": "10", "object_repr": "Detergents", "action_flag": 1, "change_message": "[{\"added\": {}}]"}}, {"model": "admin.logentry", "pk": 121, "fields": {"action_time": "2025-06-02T23:20:22.841Z", "user": 1, "content_type": 6, "object_id": "10", "object_repr": "Cleaning Supplies -> Detergents", "action_flag": 2, "change_message": "[{\"changed\": {\"fields\": [\"Parent\"]}}]"}}, {"model": "admin.logentry", "pk": 122, "fields": {"action_time": "2025-06-02T23:20:51.356Z", "user": 1, "content_type": 6, "object_id": "11", "object_repr": "Cleaning Supplies -> Cleaning Alcohol", "action_flag": 1, "change_message": "[{\"added\": {}}]"}}, {"model": "admin.logentry", "pk": 123, "fields": {"action_time": "2025-06-02T23:23:42.725Z", "user": 1, "content_type": 15, "object_id": "4", "object_repr": "GreatStar Isopropyl Alcohol Distributor", "action_flag": 1, "change_message": "[{\"added\": {}}]"}}, {"model": "admin.logentry", "pk": 124, "fields": {"action_time": "2025-06-02T23:26:06.777Z", "user": 1, "content_type": 7, "object_id": "8", "object_repr": "Isopropyl alcohol", "action_flag": 1, "change_message": "[{\"added\": {}}]"}}, {"model": "admin.logentry", "pk": 125, "fields": {"action_time": "2025-06-02T23:30:15.455Z", "user": 1, "content_type": 21, "object_id": "2", "object_repr": "Del Monte Tomato Ketchup (Net Wt. 320g)", "action_flag": 2, "change_message": "[]"}}, {"model": "admin.logentry", "pk": 126, "fields": {"action_time": "2025-06-02T23:31:51.235Z", "user": 1, "content_type": 21, "object_id": "6", "object_repr": "Isopropyl alcohol (500ml)", "action_flag": 1, "change_message": "[{\"added\": {}}]"}}, {"model": "admin.logentry", "pk": 127, "fields": {"action_time": "2025-06-03T01:09:58.663Z", "user": 1, "content_type": 7, "object_id": "3", "object_repr": "Del Monte Tomato Ketchup", "action_flag": 2, "change_message": "[{\"changed\": {\"fields\": [\"Stock quantity\"]}}]"}}, {"model": "admin.logentry", "pk": 128, "fields": {"action_time": "2025-06-03T01:59:42.255Z", "user": 1, "content_type": 11, "object_id": "13", "object_repr": "suppliersana (supplier)", "action_flag": 2, "change_message": "[{\"changed\": {\"fields\": [\"Is approved\"]}}]"}}, {"model": "admin.logentry", "pk": 129, "fields": {"action_time": "2025-09-11T16:25:43.849Z", "user": 1, "content_type": 18, "object_id": "44", "object_repr": "Order ORD2IIP9892 - Jo", "action_flag": 2, "change_message": "[{\"changed\": {\"fields\": [\"Status\"]}}]"}}, {"model": "admin.logentry", "pk": 130, "fields": {"action_time": "2025-09-11T16:25:43.861Z", "user": 1, "content_type": 18, "object_id": "43", "object_repr": "Order ORDBUBYVK6H - Jo", "action_flag": 2, "change_message": "[{\"changed\": {\"fields\": [\"Status\"]}}]"}}, {"model": "admin.logentry", "pk": 131, "fields": {"action_time": "2025-09-11T16:25:43.871Z", "user": 1, "content_type": 18, "object_id": "42", "object_repr": "Order ORD18MRPBUX - Jo", "action_flag": 2, "change_message": "[{\"changed\": {\"fields\": [\"Status\"]}}]"}}, {"model": "admin.logentry", "pk": 132, "fields": {"action_time": "2025-09-11T16:26:33.966Z", "user": 1, "content_type": 18, "object_id": "44", "object_repr": "Order ORD2IIP9892 - Jo", "action_flag": 2, "change_message": "[]"}}, {"model": "admin.logentry", "pk": 133, "fields": {"action_time": "2025-09-11T16:27:38.957Z", "user": 1, "content_type": 18, "object_id": "45", "object_repr": "Order ORDS07ENVBP - benjie", "action_flag": 1, "change_message": "[{\"added\": {}}, {\"added\": {\"name\": \"order item\", \"object\": \"2 x Del Monte Tomato Ketchup (8FEBC38305-DEF)\"}}]"}}, {"model": "admin.logentry", "pk": 134, "fields": {"action_time": "2025-09-11T16:28:23.917Z", "user": 1, "content_type": 18, "object_id": "46", "object_repr": "Order ORDK81EQGSO - benjie", "action_flag": 1, "change_message": "[{\"added\": {}}, {\"added\": {\"name\": \"order item\", \"object\": \"1 x Del Monte Tomato Ketchup (8FEBC38305-DEF)\"}}]"}}, {"model": "admin.logentry", "pk": 135, "fields": {"action_time": "2025-09-11T16:28:53.412Z", "user": 1, "content_type": 18, "object_id": "47", "object_repr": "Order ORDIK9CZZ9R - benjie", "action_flag": 1, "change_message": "[{\"added\": {}}, {\"added\": {\"name\": \"order item\", \"object\": \"3 x Del Monte Tomato Ketchup (8FEBC38305-DEF)\"}}]"}}, {"model": "admin.logentry", "pk": 136, "fields": {"action_time": "2025-09-24T15:01:08.398Z", "user": 1, "content_type": 21, "object_id": "6", "object_repr": "Isopropyl alcohol (500ml)", "action_flag": 2, "change_message": "[]"}}, {"model": "admin.logentry", "pk": 137, "fields": {"action_time": "2025-10-03T10:01:02.636Z", "user": 1, "content_type": 18, "object_id": "44", "object_repr": "Order ORD2IIP9892 - Jo", "action_flag": 2, "change_message": "[{\"changed\": {\"fields\": [\"Status\"]}}]"}}, {"model": "admin.logentry", "pk": 138, "fields": {"action_time": "2025-10-03T10:01:02.640Z", "user": 1, "content_type": 18, "object_id": "45", "object_repr": "Order ORDS07ENVBP - benjie", "action_flag": 2, "change_message": "[{\"changed\": {\"fields\": [\"Status\"]}}]"}}, {"model": "admin.logentry", "pk": 139, "fields": {"action_time": "2025-10-03T10:01:02.642Z", "user": 1, "content_type": 18, "object_id": "46", "object_repr": "Order ORDK81EQGSO - benjie", "action_flag": 2, "change_message": "[{\"changed\": {\"fields\": [\"Status\"]}}]"}}, {"model": "admin.logentry", "pk": 140, "fields": {"action_time": "2025-10-03T10:01:02.644Z", "user": 1, "content_type": 18, "object_id": "47", "object_repr": "Order ORDIK9CZZ9R - benjie", "action_flag": 2, "change_message": "[{\"changed\": {\"fields\": [\"Status\"]}}]"}}, {"model": "admin.logentry", "pk": 141, "fields": {"action_time": "2025-10-03T10:52:28.571Z", "user": 1, "content_type": 11, "object_id": "19", "object_repr": "supplier (supplier)", "action_flag": 2, "change_message": "[{\"changed\": {\"fields\": [\"Role\"]}}]"}}, {"model": "admin.logentry", "pk": 142, "fields": {"action_time": "2025-10-03T10:54:16.967Z", "user": 1, "content_type": 11, "object_id": "19", "object_repr": "supplier (supplier)", "action_flag": 2, "change_message": "[{\"changed\": {\"fields\": [\"Is approved\"]}}]"}}, {"model": "admin.logentry", "pk": 143, "fields": {"action_time": "2025-10-03T11:07:35.297Z", "user": 1, "content_type": 7, "object_id": "10", "object_repr": "Del Monte Tomato Ketchup", "action_flag": 3, "change_message": ""}}, {"model": "admin.logentry", "pk": 144, "fields": {"action_time": "2025-10-03T11:07:53.111Z", "user": 1, "content_type": 7, "object_id": "3", "object_repr": "Del Monte Tomato Ketchup", "action_flag": 2, "change_message": "[{\"changed\": {\"fields\": [\"Stock quantity\"]}}]"}}, {"model": "admin.logentry", "pk": 145, "fields": {"action_time": "2025-10-03T11:09:58.510Z", "user": 1, "content_type": 7, "object_id": "3", "object_repr": "Del Monte Tomato Ketchup", "action_flag": 2, "change_message": "[{\"changed\": {\"fields\": [\"Stock quantity\"]}}]"}}, {"model": "admin.logentry", "pk": 146, "fields": {"action_time": "2025-10-04T08:38:53.367Z", "user": 1, "content_type": 21, "object_id": "6", "object_repr": "Isopropyl alcohol (500ml)", "action_flag": 2, "change_message": "[]"}}, {"model": "admin.logentry", "pk": 147, "fields": {"action_time": "2025-10-04T14:47:37.443Z", "user": 1, "content_type": 28, "object_id": "4", "object_repr": "Manual Order MANJLZNZKJY - nc", "action_flag": 2, "change_message": "[{\"changed\": {\"fields\": [\"Status\"]}}]"}}, {"model": "admin.logentry", "pk": 148, "fields": {"action_time": "2025-10-04T15:19:07.595Z", "user": 1, "content_type": 28, "object_id": "3", "object_repr": "Manual Order MANFC0CS2FE - dyan lang hospital", "action_flag": 2, "change_message": "[{\"changed\": {\"fields\": [\"Is deleted\"]}}]"}}, {"model": "admin.logentry", "pk": 149, "fields": {"action_time": "2025-10-04T15:19:17.218Z", "user": 1, "content_type": 28, "object_id": "1", "object_repr": "Manual Order MAN81I6R2K2 - jomarie roperez", "action_flag": 2, "change_message": "[{\"changed\": {\"fields\": [\"Is deleted\"]}}]"}}, {"model": "admin.logentry", "pk": 150, "fields": {"action_time": "2025-10-04T15:51:35.344Z", "user": 1, "content_type": 28, "object_id": "7", "object_repr": "Manual Order MANZ1XNW76L - wewe", "action_flag": 2, "change_message": "[{\"changed\": {\"fields\": [\"Order date\"]}}]"}}, {"model": "admin.logentry", "pk": 151, "fields": {"action_time": "2025-10-04T15:53:38.129Z", "user": 1, "content_type": 18, "object_id": "50", "object_repr": "Order ORDS83XAWPQ - jojo", "action_flag": 1, "change_message": "[{\"added\": {}}, {\"added\": {\"name\": \"order item\", \"object\": \"6 x Zesto Orange Juice (8B37D4EA0B-DEF)\"}}]"}}, {"model": "admin.logentry", "pk": 152, "fields": {"action_time": "2025-10-04T15:55:42.677Z", "user": 1, "content_type": 18, "object_id": "51", "object_repr": "Order ORD2CCXKDA9 - customer3", "action_flag": 1, "change_message": "[{\"added\": {}}, {\"added\": {\"name\": \"order item\", \"object\": \"10 x Isopropyl alcohol (8-500ml-N/A)\"}}]"}}, {"model": "admin.logentry", "pk": 153, "fields": {"action_time": "2025-10-04T15:56:16.094Z", "user": 1, "content_type": 18, "object_id": "52", "object_repr": "Order ORDTF4G93RH - customer3", "action_flag": 1, "change_message": "[{\"added\": {}}, {\"added\": {\"name\": \"order item\", \"object\": \"15 x Zesto Orange Juice (8B37D4EA0B-DEF)\"}}]"}}, {"model": "admin.logentry", "pk": 154, "fields": {"action_time": "2025-10-04T15:59:51.502Z", "user": 1, "content_type": 28, "object_id": "8", "object_repr": "Manual Order MAN7C1YZU40 - weew", "action_flag": 2, "change_message": "[{\"changed\": {\"fields\": [\"Status\", \"Order date\", \"Expected delivery date\"]}}]"}}, {"model": "admin.logentry", "pk": 155, "fields": {"action_time": "2025-10-04T16:14:56.888Z", "user": 1, "content_type": 18, "object_id": "53", "object_repr": "Order ORDY0CQEZ6O - customer3", "action_flag": 1, "change_message": "[{\"added\": {}}, {\"added\": {\"name\": \"order item\", \"object\": \"10 x Zesto Orange Juice (8B37D4EA0B-DEF)\"}}]"}}, {"model": "admin.logentry", "pk": 156, "fields": {"action_time": "2025-10-04T16:44:17.846Z", "user": 1, "content_type": 11, "object_id": "17", "object_repr": "jojo (customer)", "action_flag": 2, "change_message": "[{\"changed\": {\"fields\": [\"First name\", \"Last name\"]}}]"}}, {"model": "admin.logentry", "pk": 157, "fields": {"action_time": "2025-10-04T16:56:58.704Z", "user": 1, "content_type": 11, "object_id": "16", "object_repr": "customer3 (customer)", "action_flag": 2, "change_message": "[{\"changed\": {\"fields\": [\"First name\", \"Last name\"]}}]"}}, {"model": "admin.logentry", "pk": 158, "fields": {"action_time": "2025-10-04T17:19:47.435Z", "user": 1, "content_type": 11, "object_id": "16", "object_repr": "customer3 (customer)", "action_flag": 2, "change_message": "[{\"changed\": {\"name\": \"customer profile\", \"object\": \"Customer: customer3\", \"fields\": [\"Street address\", \"City\", \"Province\", \"Zip code\"]}}]"}}, {"model": "auth.permission", "pk": 1, "fields": {"name": "Can add log entry", "content_type": 1, "codename": "add_logentry"}}, {"model": "auth.permission", "pk": 2, "fields": {"name": "Can change log entry", "content_type": 1, "codename": "change_logentry"}}, {"model": "auth.permission", "pk": 3, "fields": {"name": "Can delete log entry", "content_type": 1, "codename": "delete_logentry"}}, {"model": "auth.permission", "pk": 4, "fields": {"name": "Can view log entry", "content_type": 1, "codename": "view_logentry"}}, {"model": "auth.permission", "pk": 5, "fields": {"name": "Can add permission", "content_type": 2, "codename": "add_permission"}}, {"model": "auth.permission", "pk": 6, "fields": {"name": "Can change permission", "content_type": 2, "codename": "change_permission"}}, {"model": "auth.permission", "pk": 7, "fields": {"name": "Can delete permission", "content_type": 2, "codename": "delete_permission"}}, {"model": "auth.permission", "pk": 8, "fields": {"name": "Can view permission", "content_type": 2, "codename": "view_permission"}}, {"model": "auth.permission", "pk": 9, "fields": {"name": "Can add group", "content_type": 3, "codename": "add_group"}}, {"model": "auth.permission", "pk": 10, "fields": {"name": "Can change group", "content_type": 3, "codename": "change_group"}}, {"model": "auth.permission", "pk": 11, "fields": {"name": "Can delete group", "content_type": 3, "codename": "delete_group"}}, {"model": "auth.permission", "pk": 12, "fields": {"name": "Can view group", "content_type": 3, "codename": "view_group"}}, {"model": "auth.permission", "pk": 13, "fields": {"name": "Can add content type", "content_type": 4, "codename": "add_contenttype"}}, {"model": "auth.permission", "pk": 14, "fields": {"name": "Can change content type", "content_type": 4, "codename": "change_contenttype"}}, {"model": "auth.permission", "pk": 15, "fields": {"name": "Can delete content type", "content_type": 4, "codename": "delete_contenttype"}}, {"model": "auth.permission", "pk": 16, "fields": {"name": "Can view content type", "content_type": 4, "codename": "view_contenttype"}}, {"model": "auth.permission", "pk": 17, "fields": {"name": "Can add session", "content_type": 5, "codename": "add_session"}}, {"model": "auth.permission", "pk": 18, "fields": {"name": "Can change session", "content_type": 5, "codename": "change_session"}}, {"model": "auth.permission", "pk": 19, "fields": {"name": "Can delete session", "content_type": 5, "codename": "delete_session"}}, {"model": "auth.permission", "pk": 20, "fields": {"name": "Can view session", "content_type": 5, "codename": "view_session"}}, {"model": "auth.permission", "pk": 21, "fields": {"name": "Can add category", "content_type": 6, "codename": "add_category"}}, {"model": "auth.permission", "pk": 22, "fields": {"name": "Can change category", "content_type": 6, "codename": "change_category"}}, {"model": "auth.permission", "pk": 23, "fields": {"name": "Can delete category", "content_type": 6, "codename": "delete_category"}}, {"model": "auth.permission", "pk": 24, "fields": {"name": "Can view category", "content_type": 6, "codename": "view_category"}}, {"model": "auth.permission", "pk": 25, "fields": {"name": "Can add product", "content_type": 7, "codename": "add_product"}}, {"model": "auth.permission", "pk": 26, "fields": {"name": "Can change product", "content_type": 7, "codename": "change_product"}}, {"model": "auth.permission", "pk": 27, "fields": {"name": "Can delete product", "content_type": 7, "codename": "delete_product"}}, {"model": "auth.permission", "pk": 28, "fields": {"name": "Can view product", "content_type": 7, "codename": "view_product"}}, {"model": "auth.permission", "pk": 29, "fields": {"name": "Can add demand check log", "content_type": 8, "codename": "add_demandchecklog"}}, {"model": "auth.permission", "pk": 30, "fields": {"name": "Can change demand check log", "content_type": 8, "codename": "change_demandchecklog"}}, {"model": "auth.permission", "pk": 31, "fields": {"name": "Can delete demand check log", "content_type": 8, "codename": "delete_demandchecklog"}}, {"model": "auth.permission", "pk": 32, "fields": {"name": "Can view demand check log", "content_type": 8, "codename": "view_demandchecklog"}}, {"model": "auth.permission", "pk": 33, "fields": {"name": "Can add restock log", "content_type": 9, "codename": "add_restocklog"}}, {"model": "auth.permission", "pk": 34, "fields": {"name": "Can change restock log", "content_type": 9, "codename": "change_restocklog"}}, {"model": "auth.permission", "pk": 35, "fields": {"name": "Can delete restock log", "content_type": 9, "codename": "delete_restocklog"}}, {"model": "auth.permission", "pk": 36, "fields": {"name": "Can view restock log", "content_type": 9, "codename": "view_restocklog"}}, {"model": "auth.permission", "pk": 37, "fields": {"name": "Can add stock movement", "content_type": 10, "codename": "add_stockmovement"}}, {"model": "auth.permission", "pk": 38, "fields": {"name": "Can change stock movement", "content_type": 10, "codename": "change_stockmovement"}}, {"model": "auth.permission", "pk": 39, "fields": {"name": "Can delete stock movement", "content_type": 10, "codename": "delete_stockmovement"}}, {"model": "auth.permission", "pk": 40, "fields": {"name": "Can view stock movement", "content_type": 10, "codename": "view_stockmovement"}}, {"model": "auth.permission", "pk": 41, "fields": {"name": "Can add user", "content_type": 11, "codename": "add_user"}}, {"model": "auth.permission", "pk": 42, "fields": {"name": "Can change user", "content_type": 11, "codename": "change_user"}}, {"model": "auth.permission", "pk": 43, "fields": {"name": "Can delete user", "content_type": 11, "codename": "delete_user"}}, {"model": "auth.permission", "pk": 44, "fields": {"name": "Can view user", "content_type": 11, "codename": "view_user"}}, {"model": "auth.permission", "pk": 45, "fields": {"name": "Can add customer profile", "content_type": 12, "codename": "add_customerprofile"}}, {"model": "auth.permission", "pk": 46, "fields": {"name": "Can change customer profile", "content_type": 12, "codename": "change_customerprofile"}}, {"model": "auth.permission", "pk": 47, "fields": {"name": "Can delete customer profile", "content_type": 12, "codename": "delete_customerprofile"}}, {"model": "auth.permission", "pk": 48, "fields": {"name": "Can view customer profile", "content_type": 12, "codename": "view_customerprofile"}}, {"model": "auth.permission", "pk": 49, "fields": {"name": "Can add email verification", "content_type": 13, "codename": "add_emailverification"}}, {"model": "auth.permission", "pk": 50, "fields": {"name": "Can change email verification", "content_type": 13, "codename": "change_emailverification"}}, {"model": "auth.permission", "pk": 51, "fields": {"name": "Can delete email verification", "content_type": 13, "codename": "delete_emailverification"}}, {"model": "auth.permission", "pk": 52, "fields": {"name": "Can view email verification", "content_type": 13, "codename": "view_emailverification"}}, {"model": "auth.permission", "pk": 53, "fields": {"name": "Can add supplier profile", "content_type": 14, "codename": "add_supplierprofile"}}, {"model": "auth.permission", "pk": 54, "fields": {"name": "Can change supplier profile", "content_type": 14, "codename": "change_supplierprofile"}}, {"model": "auth.permission", "pk": 55, "fields": {"name": "Can delete supplier profile", "content_type": 14, "codename": "delete_supplierprofile"}}, {"model": "auth.permission", "pk": 56, "fields": {"name": "Can view supplier profile", "content_type": 14, "codename": "view_supplierprofile"}}, {"model": "auth.permission", "pk": 57, "fields": {"name": "Can add supplier", "content_type": 15, "codename": "add_supplier"}}, {"model": "auth.permission", "pk": 58, "fields": {"name": "Can change supplier", "content_type": 15, "codename": "change_supplier"}}, {"model": "auth.permission", "pk": 59, "fields": {"name": "Can delete supplier", "content_type": 15, "codename": "delete_supplier"}}, {"model": "auth.permission", "pk": 60, "fields": {"name": "Can view supplier", "content_type": 15, "codename": "view_supplier"}}, {"model": "auth.permission", "pk": 61, "fields": {"name": "Can add purchase order", "content_type": 16, "codename": "add_purchaseorder"}}, {"model": "auth.permission", "pk": 62, "fields": {"name": "Can change purchase order", "content_type": 16, "codename": "change_purchaseorder"}}, {"model": "auth.permission", "pk": 63, "fields": {"name": "Can delete purchase order", "content_type": 16, "codename": "delete_purchaseorder"}}, {"model": "auth.permission", "pk": 64, "fields": {"name": "Can view purchase order", "content_type": 16, "codename": "view_purchaseorder"}}, {"model": "auth.permission", "pk": 65, "fields": {"name": "Can add delivery", "content_type": 17, "codename": "add_delivery"}}, {"model": "auth.permission", "pk": 66, "fields": {"name": "Can change delivery", "content_type": 17, "codename": "change_delivery"}}, {"model": "auth.permission", "pk": 67, "fields": {"name": "Can delete delivery", "content_type": 17, "codename": "delete_delivery"}}, {"model": "auth.permission", "pk": 68, "fields": {"name": "Can view delivery", "content_type": 17, "codename": "view_delivery"}}, {"model": "auth.permission", "pk": 69, "fields": {"name": "Can add order", "content_type": 18, "codename": "add_order"}}, {"model": "auth.permission", "pk": 70, "fields": {"name": "Can change order", "content_type": 18, "codename": "change_order"}}, {"model": "auth.permission", "pk": 71, "fields": {"name": "Can delete order", "content_type": 18, "codename": "delete_order"}}, {"model": "auth.permission", "pk": 72, "fields": {"name": "Can view order", "content_type": 18, "codename": "view_order"}}, {"model": "auth.permission", "pk": 73, "fields": {"name": "Can add order item", "content_type": 19, "codename": "add_orderitem"}}, {"model": "auth.permission", "pk": 74, "fields": {"name": "Can change order item", "content_type": 19, "codename": "change_orderitem"}}, {"model": "auth.permission", "pk": 75, "fields": {"name": "Can delete order item", "content_type": 19, "codename": "delete_orderitem"}}, {"model": "auth.permission", "pk": 76, "fields": {"name": "Can view order item", "content_type": 19, "codename": "view_orderitem"}}, {"model": "auth.permission", "pk": 77, "fields": {"name": "Can add cart", "content_type": 20, "codename": "add_cart"}}, {"model": "auth.permission", "pk": 78, "fields": {"name": "Can change cart", "content_type": 20, "codename": "change_cart"}}, {"model": "auth.permission", "pk": 79, "fields": {"name": "Can delete cart", "content_type": 20, "codename": "delete_cart"}}, {"model": "auth.permission", "pk": 80, "fields": {"name": "Can view cart", "content_type": 20, "codename": "view_cart"}}, {"model": "auth.permission", "pk": 81, "fields": {"name": "Can add product variant", "content_type": 21, "codename": "add_productvariant"}}, {"model": "auth.permission", "pk": 82, "fields": {"name": "Can change product variant", "content_type": 21, "codename": "change_productvariant"}}, {"model": "auth.permission", "pk": 83, "fields": {"name": "Can delete product variant", "content_type": 21, "codename": "delete_productvariant"}}, {"model": "auth.permission", "pk": 84, "fields": {"name": "Can view product variant", "content_type": 21, "codename": "view_productvariant"}}, {"model": "auth.permission", "pk": 85, "fields": {"name": "Can add product review", "content_type": 22, "codename": "add_productreview"}}, {"model": "auth.permission", "pk": 86, "fields": {"name": "Can change product review", "content_type": 22, "codename": "change_productreview"}}, {"model": "auth.permission", "pk": 87, "fields": {"name": "Can delete product review", "content_type": 22, "codename": "delete_productreview"}}, {"model": "auth.permission", "pk": 88, "fields": {"name": "Can view product review", "content_type": 22, "codename": "view_productreview"}}, {"model": "auth.permission", "pk": 89, "fields": {"name": "Can add cart item", "content_type": 23, "codename": "add_cartitem"}}, {"model": "auth.permission", "pk": 90, "fields": {"name": "Can change cart item", "content_type": 23, "codename": "change_cartitem"}}, {"model": "auth.permission", "pk": 91, "fields": {"name": "Can delete cart item", "content_type": 23, "codename": "delete_cartitem"}}, {"model": "auth.permission", "pk": 92, "fields": {"name": "Can view cart item", "content_type": 23, "codename": "view_cartitem"}}, {"model": "auth.permission", "pk": 93, "fields": {"name": "Can add Transaction History", "content_type": 24, "codename": "add_transaction"}}, {"model": "auth.permission", "pk": 94, "fields": {"name": "Can change Transaction History", "content_type": 24, "codename": "change_transaction"}}, {"model": "auth.permission", "pk": 95, "fields": {"name": "Can delete Transaction History", "content_type": 24, "codename": "delete_transaction"}}, {"model": "auth.permission", "pk": 96, "fields": {"name": "Can view Transaction History", "content_type": 24, "codename": "view_transaction"}}, {"model": "auth.permission", "pk": 97, "fields": {"name": "Can add purchase order item", "content_type": 25, "codename": "add_purchaseorderitem"}}, {"model": "auth.permission", "pk": 98, "fields": {"name": "Can change purchase order item", "content_type": 25, "codename": "change_purchaseorderitem"}}, {"model": "auth.permission", "pk": 99, "fields": {"name": "Can delete purchase order item", "content_type": 25, "codename": "delete_purchaseorderitem"}}, {"model": "auth.permission", "pk": 100, "fields": {"name": "Can view purchase order item", "content_type": 25, "codename": "view_purchaseorderitem"}}, {"model": "auth.permission", "pk": 101, "fields": {"name": "Can add purchase order notification", "content_type": 26, "codename": "add_purchaseordernotification"}}, {"model": "auth.permission", "pk": 102, "fields": {"name": "Can change purchase order notification", "content_type": 26, "codename": "change_purchaseordernotification"}}, {"model": "auth.permission", "pk": 103, "fields": {"name": "Can delete purchase order notification", "content_type": 26, "codename": "delete_purchaseordernotification"}}, {"model": "auth.permission", "pk": 104, "fields": {"name": "Can view purchase order notification", "content_type": 26, "codename": "view_purchaseordernotification"}}, {"model": "auth.permission", "pk": 105, "fields": {"name": "Can add manual order item", "content_type": 27, "codename": "add_manualorderitem"}}, {"model": "auth.permission", "pk": 106, "fields": {"name": "Can change manual order item", "content_type": 27, "codename": "change_manualorderitem"}}, {"model": "auth.permission", "pk": 107, "fields": {"name": "Can delete manual order item", "content_type": 27, "codename": "delete_manualorderitem"}}, {"model": "auth.permission", "pk": 108, "fields": {"name": "Can view manual order item", "content_type": 27, "codename": "view_manualorderitem"}}, {"model": "auth.permission", "pk": 109, "fields": {"name": "Can add manual order", "content_type": 28, "codename": "add_manualorder"}}, {"model": "auth.permission", "pk": 110, "fields": {"name": "Can change manual order", "content_type": 28, "codename": "change_manualorder"}}, {"model": "auth.permission", "pk": 111, "fields": {"name": "Can delete manual order", "content_type": 28, "codename": "delete_manualorder"}}, {"model": "auth.permission", "pk": 112, "fields": {"name": "Can view manual order", "content_type": 28, "codename": "view_manualorder"}}, {"model": "contenttypes.contenttype", "pk": 1, "fields": {"app_label": "admin", "model": "logentry"}}, {"model": "contenttypes.contenttype", "pk": 2, "fields": {"app_label": "auth", "model": "permission"}}, {"model": "contenttypes.contenttype", "pk": 3, "fields": {"app_label": "auth", "model": "group"}}, {"model": "contenttypes.contenttype", "pk": 4, "fields": {"app_label": "contenttypes", "model": "contenttype"}}, {"model": "contenttypes.contenttype", "pk": 5, "fields": {"app_label": "sessions", "model": "session"}}, {"model": "contenttypes.contenttype", "pk": 6, "fields": {"app_label": "inventory", "model": "category"}}, {"model": "contenttypes.contenttype", "pk": 7, "fields": {"app_label": "inventory", "model": "product"}}, {"model": "contenttypes.contenttype", "pk": 8, "fields": {"app_label": "inventory", "model": "demandchecklog"}}, {"model": "contenttypes.contenttype", "pk": 9, "fields": {"app_label": "inventory", "model": "restocklog"}}, {"model": "contenttypes.contenttype", "pk": 10, "fields": {"app_label": "inventory", "model": "stockmovement"}}, {"model": "contenttypes.contenttype", "pk": 11, "fields": {"app_label": "users", "model": "user"}}, {"model": "contenttypes.contenttype", "pk": 12, "fields": {"app_label": "users", "model": "customerprofile"}}, {"model": "contenttypes.contenttype", "pk": 13, "fields": {"app_label": "users", "model": "emailverification"}}, {"model": "contenttypes.contenttype", "pk": 14, "fields": {"app_label": "users", "model": "supplierprofile"}}, {"model": "contenttypes.contenttype", "pk": 15, "fields": {"app_label": "suppliers", "model": "supplier"}}, {"model": "contenttypes.contenttype", "pk": 16, "fields": {"app_label": "purchase_orders", "model": "purchaseorder"}}, {"model": "contenttypes.contenttype", "pk": 17, "fields": {"app_label": "delivery", "model": "delivery"}}, {"model": "contenttypes.contenttype", "pk": 18, "fields": {"app_label": "orders", "model": "order"}}, {"model": "contenttypes.contenttype", "pk": 19, "fields": {"app_label": "orders", "model": "orderitem"}}, {"model": "contenttypes.contenttype", "pk": 20, "fields": {"app_label": "store", "model": "cart"}}, {"model": "contenttypes.contenttype", "pk": 21, "fields": {"app_label": "store", "model": "productvariant"}}, {"model": "contenttypes.contenttype", "pk": 22, "fields": {"app_label": "store", "model": "productreview"}}, {"model": "contenttypes.contenttype", "pk": 23, "fields": {"app_label": "store", "model": "cartitem"}}, {"model": "contenttypes.contenttype", "pk": 24, "fields": {"app_label": "transactions", "model": "transaction"}}, {"model": "contenttypes.contenttype", "pk": 25, "fields": {"app_label": "purchase_orders", "model": "purchaseorderitem"}}, {"model": "contenttypes.contenttype", "pk": 26, "fields": {"app_label": "purchase_orders", "model": "purchaseordernotification"}}, {"model": "contenttypes.contenttype", "pk": 27, "fields": {"app_label": "orders", "model": "manualorderitem"}}, {"model": "contenttypes.contenttype", "pk": 28, "fields": {"app_label": "orders", "model": "manualorder"}}, {"model": "sessions.session", "pk": "0m97vzquc03cynfu41ovt8nzkpuawlsb", "fields": {"session_data": ".eJxVjDEOAiEQRe9CbQgII4ylvWcgAwyyaiBZdivj3XWTLbT9773_EoHWpYZ18BymLM5CO3H4HSOlB7eN5Du1W5ept2WeotwUudMhrz3z87K7fweVRv3WFhHY8DGpYmMkVJFP4Et20SZ0xXg2SaFNVlPRrMAzgKfMRaMDSyjeHx2HOIM:1uMDfI:djfIctcEiroUckh54_lumXTSJFpCRJYb9EaX0-Qjnis", "expire_date": "2025-06-16T22:29:56.977Z"}}, {"model": "sessions.session", "pk": "0tkejymm6x6fz0t9qldjo99g6cjexdyg", "fields": {"session_data": ".eJxVjEEOgjAQRe_StWmKpVPGpXvO0ExnpoIaSCisjHdXEha6_e-9_zKJtnVIW9UljWIupjGn3y0TP3Tagdxpus2W52ldxmx3xR602n4WfV4P9-9goDp8a-eDIjsG5jaSRNIomEvE0HnfADdUEMCXwBSRoHPljBm9CKhiia15fwDzEzha:1uM55C:RKdwsW_IjsHsYXX6NkEnztKAaCxH8YLlLIBqYY_7PwU", "expire_date": "2025-06-16T13:20:06.127Z"}}, {"model": "sessions.session", "pk": "1rvpvzjddcvpky765gee6cllp598opma", "fields": {"session_data": "e30:1uM9QH:t394HhpLOCpeayTrDH3TYQGECbAlREcPe_3u7MRHIUU", "expire_date": "2025-06-16T17:58:09.691Z"}}, {"model": "sessions.session", "pk": "2i92408cvb8zeojqozcg4ilobvbdeby9", "fields": {"session_data": ".eJxVjEEOgjAQRe_StWmKpVPGpXvO0ExnpoIaSCisjHdXEha6_e-9_zKJtnVIW9UljWIupjGn3y0TP3Tagdxpus2W52ldxmx3xR602n4WfV4P9-9goDp8a-eDIjsG5jaSRNIomEvE0HnfADdUEMCXwBSRoHPljBm9CKhiia15fwDzEzha:1v4caj:6KG8MyYNnkx6yJQprcXZzHQR9GYE4yZn3MZYKn-lXbc", "expire_date": "2025-10-17T10:00:45.804Z"}}, {"model": "sessions.session", "pk": "3z4opnvbmtwbbgp8emux96ihe74slcqv", "fields": {"session_data": ".eJyrVipKLU4tiU_OT0lVslIyMTAxNrNU0oGKpuYmZuYAhVNSczLLUosqHdJBAnrJ-blAJfHFqcXFmfl58akVBZlFlUpWhhYGtQA6tBtL:1uLFz1:spUroVl9ENjpZBeWY0_NZRRU9CE8T6JHwMIPgVMmQ3Q", "expire_date": "2025-05-31T06:49:19.967Z"}}, {"model": "sessions.session", "pk": "4wq6dg65ati0sjx74ypxymtrcft6nr4s", "fields": {"session_data": "e30:1v4drO:9toI4v5Xf8b4FLiMs3nrcznExm2T3BABwLKaDkjen1w", "expire_date": "2025-10-17T11:22:02.936Z"}}, {"model": "sessions.session", "pk": "5lhsztwwp1cwm4eycs6n4fvgbcp7laqm", "fields": {"session_data": "e30:1uM09f:_wF18XIv60O8yjkiz9FJeXmQ5ohCfA5-vo15sfFBxds", "expire_date": "2025-06-16T08:04:23.756Z"}}, {"model": "sessions.session", "pk": "6b6z75hvc2jta8sci57u3q7wnmjws4h1", "fields": {"session_data": ".eJxVjEEOgjAQRe_StWmKpVPGpXvO0ExnpoIaSCisjHdXEha6_e-9_zKJtnVIW9UljWIupjGn3y0TP3Tagdxpus2W52ldxmx3xR602n4WfV4P9-9goDp8a-eDIjsG5jaSRNIomEvE0HnfADdUEMCXwBSRoHPljBm9CKhiia15fwDzEzha:1uM0R7:FP7zZaUm4bJmEEi7EB471bHiOG4m6hNUzLwWYaaLP18", "expire_date": "2025-06-16T08:22:25.599Z"}}, {"model": "sessions.session", "pk": "6gos214y7mwturaetvfz9znhwgup8tuj", "fields": {"session_data": ".eJyrVipKLU4tiU_OT0lVslKytDQ1N7BQ0oGKpuYmZuYAhVNSczLLUosqHdJBAnrJ-blAJfHFqcXFmfl58akVBZlFlUpWhhYGtQA9xhtX:1uLFaB:pfnnuebyGBDs-rE4ddk4t-LwGRvX0uRXWbWhGP17CS0", "expire_date": "2025-05-31T06:23:39.040Z"}}, {"model": "sessions.session", "pk": "75cf25ep94p2unuulp954ze7q35hhlh3", "fields": {"session_data": ".eJxVjEEOgjAQRe_StWmKpVPGpXvO0ExnpoIaSCisjHdXEha6_e-9_zKJtnVIW9UljWIupjGn3y0TP3Tagdxpus2W52ldxmx3xR602n4WfV4P9-9goDp8a-eDIjsG5jaSRNIomEvE0HnfADdUEMCXwBSRoHPljBm9CKhiia15fwDzEzha:1v1Qs2:W3sw-uCcf-6-MjHJj9dVCmdzjddL80woJ6FmCe_4eoE", "expire_date": "2025-10-08T14:53:26.388Z"}}, {"model": "sessions.session", "pk": "76u78gnilkg76ouruvrp38prgvy59ka0", "fields": {"session_data": "eyJfc2Vzc2lvbl9leHBpcnkiOjE4MH0:1uLGXY:BgsxHNVVzU92A0lFb8LHGEhf0Y3vUVXu_SYwP_cLCSE", "expire_date": "2025-05-31T07:25:00.416Z"}}, {"model": "sessions.session", "pk": "7tca1sko9966f52lo1kb79hfjo1hh34u", "fields": {"session_data": ".eJxVjkEOgjAURO_StSH9rUDLyrj3DM2n_UIVimnBSIx3tyRs2L55M5kvi5RoNnZyxBomZVkLzk47pRH9kLGjwb8prpduA4WdxqyYRCn5KRj6vHxcWQOKZ4rL3JslUTTe5WrJDqxF-6SwBe6BoZvyVpijb4tNKfY0Fbd8Z7ju7mGgx9TnNtc1Sa7ByVJaUVVnAdqS0ELjHUqFagOoLFirssN1xVtQoAFaUaEC9vsDeodQyA:1uLEd5:aeoT8Uo7YmR3iyY8LCCR_o_As5UAnHyv7FSX1Fs9vM8", "expire_date": "2025-05-31T05:22:35.562Z"}}, {"model": "sessions.session", "pk": "7v4sq7pzek5wqme95y0obfwljhluc0qp", "fields": {"session_data": "e30:1uM09f:_wF18XIv60O8yjkiz9FJeXmQ5ohCfA5-vo15sfFBxds", "expire_date": "2025-06-16T08:04:23.036Z"}}, {"model": "sessions.session", "pk": "8rjnaauuo3rbvnylwqdt4dgm4l5dnt4e", "fields": {"session_data": ".eJxVjEEOwiAQRe_C2hAoHRCX7nsGMswMUjVtUtqV8e7apAvd_vfef6mE21rT1mRJI6uLslGdfseM9JBpJ3zH6TZrmqd1GbPeFX3QpoeZ5Xk93L-Diq1-6y72JBZCBoheStc5G9CjePbkDIH0EiHms_RAgckAFzAOQjEohZ1T7w8FcjhH:1v4dR4:XHueJntZQQPnfYqFVD1-Wluk-sExMXPi3J3WrsxjcQY", "expire_date": "2025-10-17T10:54:50.592Z"}}, {"model": "sessions.session", "pk": "97yva7ieyqxp3b8egxyhkcb3549y6cpx", "fields": {"session_data": "e30:1uM09e:1RvmHKbcbmNSXVJ2sl1XvjV7ryj8lO5X6dNxdsP6he0", "expire_date": "2025-06-16T08:04:22.227Z"}}, {"model": "sessions.session", "pk": "9imqici04lhrypp1e5uj5xe5sg20zmp9", "fields": {"session_data": "e30:1uMDYR:5c7tkdk9a5EYWTgS7KgsS9uk58o4VsMGnoZ4jUNy60Q", "expire_date": "2025-06-16T22:22:51.036Z"}}, {"model": "sessions.session", "pk": "a4685m98aue36b9tvabzsinvsrkttcsc", "fields": {"session_data": ".eJxVjEEOgjAQRe_StWmKpVPGpXvO0ExnpoIaSCisjHdXEha6_e-9_zKJtnVIW9UljWIupjGn3y0TP3Tagdxpus2W52ldxmx3xR602n4WfV4P9-9goDp8a-eDIjsG5jaSRNIomEvE0HnfADdUEMCXwBSRoHPljBm9CKhiia15fwDzEzha:1v4dd3:7zSurqwUCmbOApwzGqm3MkvwhTGtK0NzMd6GrJ6NDZ0", "expire_date": "2025-10-17T11:07:13.715Z"}}, {"model": "sessions.session", "pk": "a7qo8cuosur8vpp9txhxvl33b7ygfag9", "fields": {"session_data": ".eJwVjEsKwzAMRO-idSj5tMV41ZsYYcvB4B-W2rSE3L32ct68mROEUjVvpmYcCoI-YYSMiUADC3q_wQSUMMQOMsVILeCyvfaBbrakXldkPkpz3RBiCXm_P-Ca4NNdHyxKKNnY4sbnc53VqvrIMDGPgr41tB_oRc3XH2hmMZU:1uLGQX:oh7KCXs1W1-3u-JCdg09GLfLyEUdcDKwGJVLJTOzn-Q", "expire_date": "2025-05-31T07:17:45.546Z"}}, {"model": "sessions.session", "pk": "axxyclca887wiopro4tnl845msb6u5vq", "fields": {"session_data": ".eJxVjEEOgjAQRe_StWmKpVPGpXvO0ExnpoIaSCisjHdXEha6_e-9_zKJtnVIW9UljWIupjGn3y0TP3Tagdxpus2W52ldxmx3xR602n4WfV4P9-9goDp8a-eDIjsG5jaSRNIomEvE0HnfADdUEMCXwBSRoHPljBm9CKhiia15fwDzEzha:1uM2bC:lmUF-9phrftpbToBXn9kk7DIF8N_C5p2M_xkktF-WYc", "expire_date": "2025-06-16T10:40:58.474Z"}}, {"model": "sessions.session", "pk": "b0mijwwaltxfvremm72veus3gkthoexn", "fields": {"session_data": ".eJxVjEEOgjAQRe_StWmKpVPGpXvO0ExnpoIaSCisjHdXEha6_e-9_zKJtnVIW9UljWIupjGn3y0TP3Tagdxpus2W52ldxmx3xR602n4WfV4P9-9goDp8a-eDIjsG5jaSRNIomEvE0HnfADdUEMCXwBSRoHPljBm9CKhiia15fwDzEzha:1uL8rg:j_6rBOCqVFUg7G4MuR8nMi84wwBiBPTT6f966-Qcw3o", "expire_date": "2025-06-13T23:10:16.035Z"}}, {"model": "sessions.session", "pk": "ciz6bed6ncieb9gf1x050mj1f33cwzea", "fields": {"session_data": "e30:1uM09r:yMQelm23j2YsOTm0e7nmpGIB5ofUNVCmQG7GsfR0hgE", "expire_date": "2025-06-16T08:04:35.481Z"}}, {"model": "sessions.session", "pk": "crnplfdcs7kd0kme7t5nml91y3o2ttfv", "fields": {"session_data": ".eJxNjksKwzAMRO-idShx49KSVW9iRKwEgT_BUj8h5O61F4Eu9eZpmB2U4upeQsV5VIRxh3YkjAQjiOI836ADisihgkQhUGE0w3Np6DLlWOMVRT65-GooiXJaWDMcHbyrPPOEyjm5KftWau3VGlu_nJBIC-i7ctlgNI--g0JCerrX-2D6AU56zvAUuFZvfyOOH_fSRUE:1uLFro:jVBQGsHE_B3_697m8UapOUbcH9TnyRIALhTL_Ng8HUk", "expire_date": "2025-05-31T06:41:52.363Z"}}, {"model": "sessions.session", "pk": "d2dkwqilw47733x7sgp0qfpuaru6pnjp", "fields": {"session_data": ".eJxVjEEOgjAQRe_StWmKpVPGpXvO0ExnpoIaSCisjHdXEha6_e-9_zKJtnVIW9UljWIupjGn3y0TP3Tagdxpus2W52ldxmx3xR602n4WfV4P9-9goDp8a-eDIjsG5jaSRNIomEvE0HnfADdUEMCXwBSRoHPljBm9CKhiia15fwDzEzha:1uLro1:7eQtlmejyHTwzZrdPp19w0IXAlT5ynumXaDcTrswh90", "expire_date": "2025-06-15T23:09:29.581Z"}}, {"model": "sessions.session", "pk": "d3xkid9om1vzbmukezkd1dp2ybgnsku6", "fields": {"session_data": ".eJxVjDsOwyAQBe9CHSG-BlKm9xnQ7oKDkwgkY1dR7h5bcpG0M_Pem0XY1hK3npc4J3Zlml1-GQI9cz1EekC9N06trsuM_Ej4aTsfW8qv29n-HRToZV9LC0mg8C444a3XJmStMDgU1koyk0E1wZB27tGQU-h8koNTlgKRDcQ-X7yRNyY:1uLjfn:hySgRwFtVSCpofq_HzMB_Ve5lm2YB12RjNwxSk6KyrQ", "expire_date": "2025-06-15T14:28:27.834Z"}}, {"model": "sessions.session", "pk": "dmbd3b0g1s1s1liylfccfypsejd83af6", "fields": {"session_data": ".eJxVjEEOgjAQRe_StWmKpVPGpXvO0ExnpoIaSCisjHdXEha6_e-9_zKJtnVIW9UljWIupjGn3y0TP3Tagdxpus2W52ldxmx3xR602n4WfV4P9-9goDp8a-eDIjsG5jaSRNIomEvE0HnfADdUEMCXwBSRoHPljBm9CKhiia15fwDzEzha:1uLzEp:_LOZXl4i96W3AaHDWJn63DAZ7RXPrzC9SIbmOgsjopY", "expire_date": "2025-06-16T07:05:39.027Z"}}, {"model": "sessions.session", "pk": "e8fu4kwlid6yc3krvzkrfct342km3mih", "fields": {"session_data": ".eJxVjDsOwjAQRO_iGll27LBeSnrOYK0_iwPIkeKkQtwdR0oBxTTz3sxbeNrW4reWFz8lcRH6LE6_ZaD4zHUn6UH1Pss413WZgtwVedAmb3PKr-vh_h0UaqWvjckhISAyMllWAMlG7YyO2jC7OOgORocKMoYIPWFkrTIOBFZhEp8vFjs4Xg:1v55ZT:DlZjabo11QLNMK1KqCXKhFRtxkrN8SFpYNcWHi0CeGM", "expire_date": "2025-10-18T16:57:23.394Z"}}, {"model": "sessions.session", "pk": "elhgjcszsyfa2wtun0ekb89n6rx8psr9", "fields": {"session_data": ".eJxVjEEOgjAQRe_StWmKpVPGpXvO0ExnpoIaSCisjHdXEha6_e-9_zKJtnVIW9UljWIupjGn3y0TP3Tagdxpus2W52ldxmx3xR602n4WfV4P9-9goDp8a-eDIjsG5jaSRNIomEvE0HnfADdUEMCXwBSRoHPljBm9CKhiia15fwDzEzha:1uLosx:-16T9h3sPZCyqNd6eHeLjx4IudJe3zSGsDcS-uqlZDQ", "expire_date": "2025-06-15T20:02:23.979Z"}}, {"model": "sessions.session", "pk": "emqhxh7oosubqlhmsf3q3mkx2n00w8v0", "fields": {"session_data": "e30:1uM0Ah:oVLKAqDuf1F4pbgEAIvDU0v6K3n93rvuqkAHtFemMek", "expire_date": "2025-06-16T08:05:27.148Z"}}, {"model": "sessions.session", "pk": "enwcxdrpedk2viv9ck8amf8ytxdo5ss0", "fields": {"session_data": ".eJxVjDsOwjAQRO_iGlnreBM7lPQ5g7X2rnEAOVI-FeLuJFIKKGfem3mrQNtawrbIHEZWV2VAXX7LSOkp9SD8oHqfdJrqOo9RH4o-6aKHieV1O92_g0JL2dcuknOOeuoYMXVArbfeiIBvIvRZDDm2uQUSbsU36MF6C4gR95CR1ecLAlg3ow:1uLsFR:zevX2LII3Ul8VqaD6IOOljEC2VVY08L4ZWPHSCKM0zA", "expire_date": "2025-06-15T23:37:49.344Z"}}, {"model": "sessions.session", "pk": "eyk8sjs1o1o50gr8g6ckkkycm7jza9qb", "fields": {"session_data": "e30:1uM09p:vSh2e8qL-gw2kwSX3cUUqdAU-NDDMrKOqScoo3r7y_4", "expire_date": "2025-06-16T08:04:33.936Z"}}, {"model": "sessions.session", "pk": "fvdmuezk9z64vrqt512bq2rx0uf7s7a7", "fields": {"session_data": "e30:1uMGuv:qR0w0Ocxfl6HS0ZW_JP_qjYH1wLdTGf9JsPB4fLS8t0", "expire_date": "2025-06-17T01:58:17.832Z"}}, {"model": "sessions.session", "pk": "fw1t0euynv6gry1s4cxk0um5bu7lzmg7", "fields": {"session_data": ".eJxVjEEOgjAQRe_StWmKpVPGpXvO0ExnpoIaSCisjHdXEha6_e-9_zKJtnVIW9UljWIupjGn3y0TP3Tagdxpus2W52ldxmx3xR602n4WfV4P9-9goDp8a-eDIjsG5jaSRNIomEvE0HnfADdUEMCXwBSRoHPljBm9CKhiia15fwDzEzha:1uwk6h:oAfmwXgIDxf88j3LbQUqkifkAgc1fZ4C0EpUWx0yxtc", "expire_date": "2025-09-25T16:25:11.049Z"}}, {"model": "sessions.session", "pk": "gc548ieokxkvtsn812gowww16mugrz32", "fields": {"session_data": ".eJxVjEEOgjAQRe_StWmKpVPGpXvO0ExnpoIaSCisjHdXEha6_e-9_zKJtnVIW9UljWIupjGn3y0TP3Tagdxpus2W52ldxmx3xR602n4WfV4P9-9goDp8a-eDIjsG5jaSRNIomEvE0HnfADdUEMCXwBSRoHPljBm9CKhiia15fwDzEzha:1uMGlI:V0LF8-se_xlN8xh_Isq4x2CrsRdx4BxAJAoPiSQF_po", "expire_date": "2025-06-17T01:48:20.596Z"}}, {"model": "sessions.session", "pk": "gn3x6tmwy7y593lhptob0hrwyniklt52", "fields": {"session_data": ".eJxVjMsOwiAQRf-FtSFQHkNduvcbyDADUjU0Ke3K-O_apAvd3nPOfYmI21rj1vMSJxZnoY04_Y4J6ZHbTviO7TZLmtu6TEnuijxol9eZ8_NyuH8HFXv91uAca8gGnC4JMFhfRiyEaWTFAFlR8D44w9qiCaEU68qghmQUqczkxfsDC0w4QQ:1uMDa8:6Nugm4XsMtdgN5lmYaxH1Y7wSINNBptdf8NMVipvxF4", "expire_date": "2025-06-16T22:24:36.182Z"}}, {"model": "sessions.session", "pk": "hb1mju6cj0wvblffbq1hamn6p3qyp9u2", "fields": {"session_data": ".eJxVjDsOwjAQRO_iGll27LBeSnrOYK0_iwPIkeKkQtwdR0oBxTTz3sxbeNrW4reWFz8lcRH6LE6_ZaD4zHUn6UH1Pss413WZgtwVedAmb3PKr-vh_h0UaqWvjckhISAyMllWAMlG7YyO2jC7OOgORocKMoYIPWFkrTIOBFZhEp8vFjs4Xg:1v534w:s-PX86f4QrRvGiykEDA2HTE5gHAYl52iQuxMAkKmMA8", "expire_date": "2025-10-18T14:17:42.476Z"}}, {"model": "sessions.session", "pk": "i73drvp9wygqodbwh4202h95dn4ece6x", "fields": {"session_data": ".eJxVjEEOgjAQRe_StWmKpVPGpXvO0ExnpoIaSCisjHdXEha6_e-9_zKJtnVIW9UljWIupjGn3y0TP3Tagdxpus2W52ldxmx3xR602n4WfV4P9-9goDp8a-eDIjsG5jaSRNIomEvE0HnfADdUEMCXwBSRoHPljBm9CKhiia15fwDzEzha:1uM2YC:hPbSMDcE1aEHH7wHKTqnnkAt0TWeL7YXyie71jPDvto", "expire_date": "2025-06-16T10:37:52.180Z"}}, {"model": "sessions.session", "pk": "i8dcpuwhfqkeqqy5y4vlp8txdp1skyxr", "fields": {"session_data": ".eJxVjEEOgjAQRe_StWmKpVPGpXvO0ExnpoIaSCisjHdXEha6_e-9_zKJtnVIW9UljWIupjGn3y0TP3Tagdxpus2W52ldxmx3xR602n4WfV4P9-9goDp8a-eDIjsG5jaSRNIomEvE0HnfADdUEMCXwBSRoHPljBm9CKhiia15fwDzEzha:1v4woO:mSExLhsdO8OfAkRDA2t_iPQY-Jkh6QgTqSxYo-HOzAk", "expire_date": "2025-10-18T07:36:12.781Z"}}, {"model": "sessions.session", "pk": "jp6mim98oxptxbvzci4y7jl90rq6h21m", "fields": {"session_data": "e30:1uM0C1:7Ozjvm5NCwV55P7i5qz3HVNU6PcZUa6CB9xVMHXLKmA", "expire_date": "2025-06-16T08:06:49.135Z"}}, {"model": "sessions.session", "pk": "kr7mso4hnmeha6wcccmc49pn6yxobn6y", "fields": {"session_data": "e30:1uM0lF:cF1MHlfDWaSHCx25vPqnopTEXCD1Gv5XpjqeXTMtksI", "expire_date": "2025-06-16T08:43:13.246Z"}}, {"model": "sessions.session", "pk": "kw1991w4q4tqnjd7dgo74du6vapggpcp", "fields": {"session_data": "e30:1uM09q:7zxXqNmkAF3nHucw04vJJZmLa6sWmumz-VR1LxFYqmE", "expire_date": "2025-06-16T08:04:34.758Z"}}, {"model": "sessions.session", "pk": "lw1yug16vjsqhhhntxrmecaxk71ndpja", "fields": {"session_data": ".eJxVjEEOgjAQRe_StWmKpVPGpXvO0ExnpoIaSCisjHdXEha6_e-9_zKJtnVIW9UljWIupjGn3y0TP3Tagdxpus2W52ldxmx3xR602n4WfV4P9-9goDp8a-eDIjsG5jaSRNIomEvE0HnfADdUEMCXwBSRoHPljBm9CKhiia15fwDzEzha:1uM2AX:3VTMxdFjePH_ayCaeYnff6XUx0HYuYlswzGoen9o-3I", "expire_date": "2025-06-16T10:13:25.185Z"}}, {"model": "sessions.session", "pk": "molhq4xqpoe8942rj58u3u2oo0cz0s1b", "fields": {"session_data": "e30:1uLbYa:Mh_dvZTjaFXv69WSBBGnKYFKZaG39k5jlIwCrAysJCE", "expire_date": "2025-06-15T05:48:28.231Z"}}, {"model": "sessions.session", "pk": "n1nua3nxgd7ftlfed7j0mgx2b34b9bpy", "fields": {"session_data": "e30:1uM0Ag:q6Xi5KMEM2XXALaNz-FcoXp5BkAkTU7_k5B8NSzmoOo", "expire_date": "2025-06-16T08:05:26.532Z"}}, {"model": "sessions.session", "pk": "n25gwn13i7c3kuzjkmhx8taefh7alosh", "fields": {"session_data": ".eJxVjEEOgjAQRe_StWmKpVPGpXvO0ExnpoIaSCisjHdXEha6_e-9_zKJtnVIW9UljWIupjGn3y0TP3Tagdxpus2W52ldxmx3xR602n4WfV4P9-9goDp8a-eDIjsG5jaSRNIomEvE0HnfADdUEMCXwBSRoHPljBm9CKhiia15fwDzEzha:1v1Qz7:j1TFd_IJ4oOJZpDB6vZXdN-uiMYaZykWvss-n1v-m8k", "expire_date": "2025-10-08T15:00:45.957Z"}}, {"model": "sessions.session", "pk": "nbxr6xr23ibpyjed30t0sebkcsq5x08y", "fields": {"session_data": ".eJxVjDsOwjAQRO_iGlnreBM7lPQ5g7X2rnEAOVI-FeLuJFIKKGfem3mrQNtawrbIHEZWV2VAXX7LSOkp9SD8oHqfdJrqOo9RH4o-6aKHieV1O92_g0JL2dcuknOOeuoYMXVArbfeiIBvIvRZDDm2uQUSbsU36MF6C4gR95CR1ecLAlg3ow:1uMDbn:SqieNDfUuXWnye9E7bU-81tCSUNuc45_eTOWhKHVKLs", "expire_date": "2025-06-16T22:26:19.051Z"}}, {"model": "sessions.session", "pk": "o3ag48zbu76uy9ihyd1rgpf73jf0hfw8", "fields": {"session_data": ".eJxVjEEOgjAQRe_StWmKpVPGpXvO0ExnpoIaSCisjHdXEha6_e-9_zKJtnVIW9UljWIupjGn3y0TP3Tagdxpus2W52ldxmx3xR602n4WfV4P9-9goDp8a-eDIjsG5jaSRNIomEvE0HnfADdUEMCXwBSRoHPljBm9CKhiia15fwDzEzha:1uLJG0:J8PYFfyyeEA7uvoYt2Z4WILpscPj9lDD2JRIoxsANOU", "expire_date": "2025-06-14T10:16:04.540Z"}}, {"model": "sessions.session", "pk": "od0eocjf5i04cczxlpgw9ijgid134tn8", "fields": {"session_data": "e30:1uLbXz:D8EGNwZMOwO57PgmTfnDozLqkjdbNTM979-o3MTbWR4", "expire_date": "2025-06-15T05:47:51.540Z"}}, {"model": "sessions.session", "pk": "pexjrilmmui5f4nyuul3vjgnz3021mj5", "fields": {"session_data": "e30:1uM0Ah:oVLKAqDuf1F4pbgEAIvDU0v6K3n93rvuqkAHtFemMek", "expire_date": "2025-06-16T08:05:27.461Z"}}, {"model": "sessions.session", "pk": "ps3bi464pm0pjwyoyfbeiwb7q90fubub", "fields": {"session_data": "e30:1uLUyf:8yqO--YIQSuVcomSl-Oyj6-lmO1_mQ_RjQWi4sZZ_kI", "expire_date": "2025-06-14T22:46:57.224Z"}}, {"model": "sessions.session", "pk": "qm9nzzb2hjkakl9v8bqt5dbbcbb16gpg", "fields": {"session_data": ".eJxVjDsOwjAQRO_iGlnreBM7lPQ5g7X2rnEAOVI-FeLuJFIKKGfem3mrQNtawrbIHEZWV2VAXX7LSOkp9SD8oHqfdJrqOo9RH4o-6aKHieV1O92_g0JL2dcuknOOeuoYMXVArbfeiIBvIvRZDDm2uQUSbsU36MF6C4gR95CR1ecLAlg3ow:1uLzHT:ISRdZGSarH9qEokkRRKlx9QyvNj7ABBtuAVOotZ3wGA", "expire_date": "2025-06-16T07:08:23.842Z"}}, {"model": "sessions.session", "pk": "s0sj187hv1ukcce0a56ksq3lo4x97ec4", "fields": {"session_data": ".eJxVjEEOgjAQRe_StWmKpVPGpXvO0ExnpoIaSCisjHdXEha6_e-9_zKJtnVIW9UljWIupjGn3y0TP3Tagdxpus2W52ldxmx3xR602n4WfV4P9-9goDp8a-eDIjsG5jaSRNIomEvE0HnfADdUEMCXwBSRoHPljBm9CKhiia15fwDzEzha:1uLjgl:BemlgxpXWDBgMz3F33_Q5cd9O4KbTs7vxgMd9z4nUm8", "expire_date": "2025-06-15T14:29:27.162Z"}}, {"model": "sessions.session", "pk": "tf8fn3b99eo09xdwe5kc98kwasvb3n8z", "fields": {"session_data": ".eJxVjEEOgjAQRe_StWmKpVPGpXvO0ExnpoIaSCisjHdXEha6_e-9_zKJtnVIW9UljWIupjGn3y0TP3Tagdxpus2W52ldxmx3xR602n4WfV4P9-9goDp8a-eDIjsG5jaSRNIomEvE0HnfADdUEMCXwBSRoHPljBm9CKhiia15fwDzEzha:1uMECE:GTrzFOqxJCQ--bEQC5OLaYrRAGY0EiF4GZu2_7Yusak", "expire_date": "2025-06-16T23:03:58.950Z"}}, {"model": "sessions.session", "pk": "u1iyl7m0cahpstj9bcxs939mfg6xygif", "fields": {"session_data": ".eJxVjEEOgjAQRe_StWmKpVPGpXvO0ExnpoIaSCisjHdXEha6_e-9_zKJtnVIW9UljWIupjGn3y0TP3Tagdxpus2W52ldxmx3xR602n4WfV4P9-9goDp8a-eDIjsG5jaSRNIomEvE0HnfADdUEMCXwBSRoHPljBm9CKhiia15fwDzEzha:1uLys6:if80qXFKnI2bKgwxGSo4zq_U_5TB4C_otNSeaiOufOM", "expire_date": "2025-06-16T06:42:10.259Z"}}, {"model": "sessions.session", "pk": "v8jk967dcan8efrmnfpw9qi66tufim5z", "fields": {"session_data": "e30:1uM09r:yMQelm23j2YsOTm0e7nmpGIB5ofUNVCmQG7GsfR0hgE", "expire_date": "2025-06-16T08:04:35.233Z"}}, {"model": "sessions.session", "pk": "w2ybkot12ckwqg81ock07bl5pv8hhze9", "fields": {"session_data": "eyJfc2Vzc2lvbl9leHBpcnkiOjE4MH0:1uLGJD:iBeZg6qMLmQW7ig4BTflORAe0LOh486T2-aIoS6eGt8", "expire_date": "2025-05-31T07:10:11.194Z"}}, {"model": "sessions.session", "pk": "wcffkftnx5zoa8t7s6m9i50vl8dg2b6v", "fields": {"session_data": ".eJxVjEEOgjAQRe_StWmKpVPGpXvO0ExnpoIaSCisjHdXEha6_e-9_zKJtnVIW9UljWIupjGn3y0TP3Tagdxpus2W52ldxmx3xR602n4WfV4P9-9goDp8a-eDIjsG5jaSRNIomEvE0HnfADdUEMCXwBSRoHPljBm9CKhiia15fwDzEzha:1uMFTo:06eq-8me2rDH5RO7cGnmQsullP0rSUm0C9utskCp1lw", "expire_date": "2025-06-17T00:26:12.570Z"}}, {"model": "sessions.session", "pk": "wdual3xqp4y9xrb48d8h9siqzq5eysl0", "fields": {"session_data": "e30:1uLyUm:1bJ0hgWa2WZqUluoX5UPRAcUklUsLZoyPRiiO096iaQ", "expire_date": "2025-06-16T06:18:04.582Z"}}, {"model": "sessions.session", "pk": "wfsb298ul07qr13lwdt2ztwzzuyos2aj", "fields": {"session_data": "e30:1uLH1J:1znpshWMaqTn8Kvp5JwGNU6Na0mV0zdltecV-Y5zoZk", "expire_date": "2025-06-14T07:52:45.714Z"}}, {"model": "sessions.session", "pk": "xsge43y2rxzc8gkxoey6vkihwwo5gqp4", "fields": {"session_data": ".eJxVjEEOgjAQRe_StWmKpVPGpXvO0ExnpoIaSCisjHdXEha6_e-9_zKJtnVIW9UljWIupjGn3y0TP3Tagdxpus2W52ldxmx3xR602n4WfV4P9-9goDp8a-eDIjsG5jaSRNIomEvE0HnfADdUEMCXwBSRoHPljBm9CKhiia15fwDzEzha:1uLgBs:nVMRy3PZEsfuBPYFiqMt5B_JLZpuy9GaPUsqFwCYIF8", "expire_date": "2025-06-15T10:45:20.543Z"}}, {"model": "sessions.session", "pk": "ykzoratwy1pkj900z24m9m6satem7y1b", "fields": {"session_data": "e30:1uM09g:bzNldnRFj1549hIDdvP-nzm5uHRo9lkja_xAwvv7wUQ", "expire_date": "2025-06-16T08:04:24.518Z"}}, {"model": "inventory.category", "pk": 1, "fields": {"name": "foods", "slug": "foods", "parent": null, "description": "consumable", "is_active": true, "created_at": "2025-05-30T20:46:10.551Z", "updated_at": "2025-05-30T20:46:10.551Z"}}, {"model": "inventory.category", "pk": 2, "fields": {"name": "condiments", "slug": "condiments", "parent": null, "description": "", "is_active": true, "created_at": "2025-05-30T20:46:22.969Z", "updated_at": "2025-05-30T20:46:22.969Z"}}, {"model": "inventory.category", "pk": 3, "fields": {"name": "dressings", "slug": "dressings", "parent": 2, "description": "", "is_active": true, "created_at": "2025-05-30T20:46:40.249Z", "updated_at": "2025-05-30T20:46:40.249Z"}}, {"model": "inventory.category", "pk": 4, "fields": {"name": "drinks", "slug": "drinks", "parent": 1, "description": "", "is_active": true, "created_at": "2025-05-31T14:43:40.143Z", "updated_at": "2025-05-31T14:43:40.143Z"}}, {"model": "inventory.category", "pk": 5, "fields": {"name": "bread", "slug": "bread", "parent": 1, "description": "bread", "is_active": true, "created_at": "2025-05-31T14:59:24.459Z", "updated_at": "2025-05-31T14:59:24.459Z"}}, {"model": "inventory.category", "pk": 6, "fields": {"name": "ketchup", "slug": "ketchup", "parent": 3, "description": "catsup", "is_active": true, "created_at": "2025-05-31T15:28:36.652Z", "updated_at": "2025-05-31T15:28:36.652Z"}}, {"model": "inventory.category", "pk": 7, "fields": {"name": "Tomato Ketchup", "slug": "tomato-ketchup", "parent": 6, "description": "Tomato", "is_active": true, "created_at": "2025-05-31T15:29:15.007Z", "updated_at": "2025-06-02T23:04:11.405Z"}}, {"model": "inventory.category", "pk": 8, "fields": {"name": "Banana Ketchup", "slug": "banana-ketchup", "parent": 6, "description": "Banana", "is_active": true, "created_at": "2025-05-31T15:29:36.401Z", "updated_at": "2025-05-31T15:29:36.401Z"}}, {"model": "inventory.category", "pk": 9, "fields": {"name": "Cleaning Supplies", "slug": "cleaning-supplies", "parent": null, "description": "for cleaning", "is_active": true, "created_at": "2025-06-02T23:18:41.794Z", "updated_at": "2025-06-02T23:18:58.396Z"}}, {"model": "inventory.category", "pk": 10, "fields": {"name": "Detergents", "slug": "detergents", "parent": 9, "description": "", "is_active": true, "created_at": "2025-06-02T23:20:09.440Z", "updated_at": "2025-06-02T23:20:22.838Z"}}, {"model": "inventory.category", "pk": 11, "fields": {"name": "Cleaning Alcohol", "slug": "cleaning-alcohol", "parent": 9, "description": "", "is_active": true, "created_at": "2025-06-02T23:20:51.350Z", "updated_at": "2025-06-02T23:20:51.350Z"}}, {"model": "inventory.product", "pk": 2, "fields": {"product_id": "B988D4F274", "name": "Gardenia", "slug": "gardenia", "image": "", "description": "gardenia two piece bread per pack", "supplier": 2, "price": "12.00", "cost_price": "0.00", "last_purchase_price": null, "stock_quantity": 30, "reorder_level": 10, "unit": "pack", "category": 5, "total_sales": 0, "total_revenue": "0.00", "created_at": "2025-05-31T15:00:30.272Z", "updated_at": "2025-09-11T13:58:32.437Z", "is_active": true, "is_deleted": false, "deleted_at": null}}, {"model": "inventory.product", "pk": 3, "fields": {"product_id": "8FEBC38305", "name": "Del Monte Tomato Ketchup", "slug": "del-monte-tomato-ketchup", "image": "product_images/f34c85472d30fb12f5784b85c99e538a.png", "description": "ketchup ng delmonte per bottle", "supplier": 3, "price": "61.00", "cost_price": "0.00", "last_purchase_price": null, "stock_quantity": 54, "reorder_level": 5, "unit": "bottle", "category": 7, "total_sales": 0, "total_revenue": "0.00", "created_at": "2025-05-31T15:30:39.935Z", "updated_at": "2025-10-04T18:17:18.653Z", "is_active": true, "is_deleted": false, "deleted_at": null}}, {"model": "inventory.product", "pk": 6, "fields": {"product_id": "8B37D4EA0B", "name": "Zesto Orange Juice", "slug": "zesto-orange-juice", "image": "product_images/Zest-o-Orange.png", "description": "zesto orange juice box", "supplier": 1, "price": "120.00", "cost_price": "0.00", "last_purchase_price": null, "stock_quantity": 30, "reorder_level": 10, "unit": "box", "category": 4, "total_sales": 0, "total_revenue": "0.00", "created_at": "2025-05-31T15:55:32.158Z", "updated_at": "2025-10-04T15:58:05.777Z", "is_active": true, "is_deleted": false, "deleted_at": null}}, {"model": "inventory.product", "pk": 8, "fields": {"product_id": "43E7A2BD32", "name": "Isopropyl alcohol", "slug": "isopropyl-alcohol", "image": "", "description": "alcohol disinfectant", "supplier": 4, "price": "138.00", "cost_price": "0.00", "last_purchase_price": null, "stock_quantity": 28, "reorder_level": 10, "unit": "0", "category": 11, "total_sales": 0, "total_revenue": "0.00", "created_at": "2025-06-02T23:26:06.775Z", "updated_at": "2025-10-04T15:16:06.525Z", "is_active": true, "is_deleted": false, "deleted_at": null}}, {"model": "inventory.product", "pk": 14, "fields": {"product_id": "55C7FDF767", "name": "Coffee", "slug": "coffee-2", "image": "", "description": "matapang na matapang daw to", "supplier": 1, "price": "5.00", "cost_price": "0.00", "last_purchase_price": null, "stock_quantity": 25, "reorder_level": 10, "unit": "sachet", "category": 4, "total_sales": 0, "total_revenue": "0.00", "created_at": "2025-10-04T08:21:29.979Z", "updated_at": "2025-10-04T15:47:56.280Z", "is_active": true, "is_deleted": false, "deleted_at": null}}, {"model": "inventory.product", "pk": 15, "fields": {"product_id": "F70FC207D0", "name": "Bear brand", "slug": "bear-brand", "image": "", "description": "bear brand swak", "supplier": 2, "price": "14.00", "cost_price": "15.00", "last_purchase_price": null, "stock_quantity": 22, "reorder_level": 1, "unit": "sachet", "category": 1, "total_sales": 0, "total_revenue": "0.00", "created_at": "2025-10-04T09:06:10.805Z", "updated_at": "2025-10-04T15:09:53.516Z", "is_active": true, "is_deleted": false, "deleted_at": null}}, {"model": "inventory.stockmovement", "pk": 1, "fields": {"product": 2, "movement_type": "IN", "quantity": 1, "timestamp": "2025-05-31T19:27:20.720Z"}}, {"model": "inventory.stockmovement", "pk": 2, "fields": {"product": 3, "movement_type": "OUT", "quantity": 2, "timestamp": "2025-06-01T14:33:18.479Z"}}, {"model": "inventory.stockmovement", "pk": 3, "fields": {"product": 15, "movement_type": "OUT", "quantity": 1, "timestamp": "2025-10-04T14:22:08.591Z"}}, {"model": "inventory.stockmovement", "pk": 4, "fields": {"product": 15, "movement_type": "OUT", "quantity": 1, "timestamp": "2025-10-04T14:38:19.201Z"}}, {"model": "inventory.stockmovement", "pk": 5, "fields": {"product": 14, "movement_type": "OUT", "quantity": 5, "timestamp": "2025-10-04T14:39:03.567Z"}}, {"model": "inventory.stockmovement", "pk": 6, "fields": {"product": 8, "movement_type": "OUT", "quantity": 4, "timestamp": "2025-10-04T14:41:55.090Z"}}, {"model": "inventory.stockmovement", "pk": 7, "fields": {"product": 6, "movement_type": "OUT", "quantity": 15, "timestamp": "2025-10-04T14:43:58.014Z"}}, {"model": "inventory.stockmovement", "pk": 8, "fields": {"product": 14, "movement_type": "OUT", "quantity": 25, "timestamp": "2025-10-04T15:17:37.591Z"}}, {"model": "inventory.stockmovement", "pk": 9, "fields": {"product": 14, "movement_type": "OUT", "quantity": 5, "timestamp": "2025-10-04T15:23:34.123Z"}}, {"model": "inventory.stockmovement", "pk": 10, "fields": {"product": 14, "movement_type": "IN", "quantity": 5, "timestamp": "2025-10-04T15:47:56.282Z"}}, {"model": "inventory.stockmovement", "pk": 11, "fields": {"product": 6, "movement_type": "IN", "quantity": 15, "timestamp": "2025-10-04T15:48:15.849Z"}}, {"model": "inventory.stockmovement", "pk": 12, "fields": {"product": 6, "movement_type": "OUT", "quantity": 15, "timestamp": "2025-10-04T15:48:37.852Z"}}, {"model": "inventory.stockmovement", "pk": 13, "fields": {"product": 6, "movement_type": "IN", "quantity": 15, "timestamp": "2025-10-04T15:48:53.271Z"}}, {"model": "inventory.stockmovement", "pk": 14, "fields": {"product": 6, "movement_type": "OUT", "quantity": 5, "timestamp": "2025-10-04T15:50:31.624Z"}}, {"model": "inventory.stockmovement", "pk": 15, "fields": {"product": 6, "movement_type": "OUT", "quantity": 15, "timestamp": "2025-10-04T15:50:42.989Z"}}, {"model": "inventory.stockmovement", "pk": 16, "fields": {"product": 6, "movement_type": "OUT", "quantity": 20, "timestamp": "2025-10-04T15:58:05.779Z"}}, {"model": "inventory.stockmovement", "pk": 17, "fields": {"product": 3, "movement_type": "OUT", "quantity": 1, "timestamp": "2025-10-04T18:17:18.656Z"}}, {"model": "inventory.demandchecklog", "pk": 1, "fields": {"product": 3, "forecasted_quantity": 55, "current_stock": 4, "restock_needed": true, "checked_at": "2025-10-03T11:07:53.108Z", "is_deleted": true, "deleted_at": null}}, {"model": "users.user", "pk": 1, "fields": {"password": "pbkdf2_sha256$1000000$KfRrf5trBvTnyaNT1zLkf1$ZywQAMUZ72FQ678IE+HEOxWtTma5uAliA82abbPPwgU=", "last_login": "2025-10-04T13:49:22.674Z", "is_superuser": true, "username": "admin", "first_name": "", "last_name": "", "email": "", "is_staff": true, "is_active": true, "date_joined": "2025-05-30T20:18:20Z", "role": "admin", "is_approved": true, "date_requested": "2025-05-30T20:18:21.486Z", "groups": [], "user_permissions": [1, 2, 3, 4, 9, 10, 11, 12, 5, 6, 7, 8, 13, 14, 15, 16, 65, 66, 67, 68, 21, 22, 23, 24, 29, 30, 31, 32, 25, 26, 27, 28, 33, 34, 35, 36, 37, 38, 39, 40, 69, 70, 71, 72, 73, 74, 75, 76, 61, 62, 63, 64, 17, 18, 19, 20, 77, 78, 79, 80, 89, 90, 91, 92, 85, 86, 87, 88, 81, 82, 83, 84, 57, 58, 59, 60, 93, 94, 95, 96, 45, 46, 47, 48, 49, 50, 51, 52, 53, 54, 55, 56, 41, 42, 43, 44]}}, {"model": "users.user", "pk": 2, "fields": {"password": "pbkdf2_sha256$1000000$9J1plLPPpKlXo2AAQyNV0r$HMbBCVgytnlstz2qQ90VJFSac2TDFBpQnKZ+1L4xShw=", "last_login": "2025-06-03T00:23:36.605Z", "is_superuser": false, "username": "staff", "first_name": "bat", "last_name": "Ugan", "email": "BatUgan@gmail.com", "is_staff": true, "is_active": true, "date_joined": "2025-05-30T20:18:39Z", "role": "staff", "is_approved": true, "date_requested": "2025-05-30T20:18:39.733Z", "groups": [], "user_permissions": [1, 65, 66, 67, 68, 25, 26, 27, 28, 69, 70, 71, 72, 73, 74, 75, 76, 77, 78, 79, 80, 89, 90, 91, 92, 85, 86, 87, 88, 81, 82, 83, 84, 45, 46, 47, 48]}}, {"model": "users.user", "pk": 3, "fields": {"password": "pbkdf2_sha256$1000000$1n16vBmzRabDBVXZvGzU5T$f0hj+tYOZv5juKi4G7RB3USY7bPF4LDPCgDUTgaUMFk=", "last_login": "2025-06-02T17:58:09.699Z", "is_superuser": false, "username": "customer1", "first_name": "juan", "last_name": "sipag", "email": "customer1@gmail.com", "is_staff": false, "is_active": true, "date_joined": "2025-05-30T20:18:56Z", "role": "customer", "is_approved": true, "date_requested": "2025-05-30T20:18:56.856Z", "groups": [], "user_permissions": [69, 70, 71, 72, 73, 74, 75, 76, 77, 78, 79, 80, 89, 90, 91, 92, 88]}}, {"model": "users.user", "pk": 4, "fields": {"password": "pbkdf2_sha256$1000000$l3saY3cXufNfxBEQnn9VAQ$FjSb6FNsVTDuH1hu0HoWEaXC5z6aQMFx17gmHa/M7jw=", "last_login": "2025-05-31T17:10:23.547Z", "is_superuser": true, "username": "customer2", "first_name": "jo", "last_name": "ro", "email": "customer2@gmail.com", "is_staff": true, "is_active": true, "date_joined": "2025-05-30T20:19:15Z", "role": "customer", "is_approved": true, "date_requested": "2025-05-30T20:19:16.288Z", "groups": [], "user_permissions": [69, 70, 71, 72, 73, 74, 75, 76, 77, 78, 79, 80, 89, 90, 91, 92, 85, 86, 87, 88]}}, {"model": "users.user", "pk": 5, "fields": {"password": "pbkdf2_sha256$1000000$atJQN86VjzzIuOQnUhv7Vn$u65C2FULsxQgkx8xuXSr+gQpV0oCPzH9Lo14PTHHz/g=", "last_login": "2025-06-01T03:44:22.567Z", "is_superuser": true, "username": "admin2", "first_name": "", "last_name": "", "email": "admin2@gmail.com", "is_staff": true, "is_active": true, "date_joined": "2025-05-31T04:24:51Z", "role": "admin", "is_approved": true, "date_requested": "2025-05-31T04:24:52.181Z", "groups": [], "user_permissions": []}}, {"model": "users.user", "pk": 6, "fields": {"password": "delivery", "last_login": null, "is_superuser": false, "username": "delivery", "first_name": "John", "last_name": "Doe", "email": "delivery@gmail.com", "is_staff": true, "is_active": true, "date_joined": "2025-05-31T04:31:36Z", "role": "delivery", "is_approved": true, "date_requested": "2025-05-31T04:32:08.613Z", "groups": [], "user_permissions": []}}, {"model": "users.user", "pk": 10, "fields": {"password": "pbkdf2_sha256$1000000$f59CZnkNNPZknAxmMXBeQH$b1vjmOGn1WQqYd9nTgQA7MBURFwiYfp1Ph01sBFOiHw=", "last_login": "2025-09-11T13:59:09.485Z", "is_superuser": false, "username": "Jo", "first_name": "Jo", "last_name": "Roperez", "email": "roperezjomarie@gmail.com", "is_staff": false, "is_active": true, "date_joined": "2025-05-31T10:39:00Z", "role": "manager", "is_approved": true, "date_requested": "2025-05-31T10:39:01.091Z", "groups": [], "user_permissions": [65, 66, 67, 68]}}, {"model": "users.user", "pk": 11, "fields": {"password": "pbkdf2_sha256$1000000$bMCPPf8sE4I1nba3JFrsBA$wT3HOVdJYWC3mTJPwtYIJttPtSt7NSQcZBrtuQu+IaE=", "last_login": "2025-05-31T16:59:51.041Z", "is_superuser": true, "username": "manager1", "first_name": "", "last_name": "", "email": "admin1@gmail.com", "is_staff": true, "is_active": true, "date_joined": "2025-05-31T16:59:05.462Z", "role": "manager", "is_approved": true, "date_requested": "2025-05-31T16:59:05.965Z", "groups": [], "user_permissions": []}}, {"model": "users.user", "pk": 13, "fields": {"password": "pbkdf2_sha256$1000000$IOL06IKz1DFFLeZ4i8NJIY$z8/NXj+aAszXrQ9W2GW+XRR2Ry1G5O65ENummVk2YkM=", "last_login": "2025-06-02T22:24:36Z", "is_superuser": false, "username": "suppliersana", "first_name": "", "last_name": "", "email": "angeladanelle13@gmail.com", "is_staff": false, "is_active": true, "date_joined": "2025-06-01T06:10:07Z", "role": "supplier", "is_approved": false, "date_requested": "2025-06-01T06:10:08.121Z", "groups": [], "user_permissions": []}}, {"model": "users.user", "pk": 14, "fields": {"password": "pbkdf2_sha256$1000000$EpABSXB9NxR9b0RhQbaIn5$PNGYOK6Ro6/Xft4H0jeoNQ3P371Cp0FH4sT9vnZ48v8=", "last_login": "2025-06-01T10:12:56.425Z", "is_superuser": false, "username": "customerako", "first_name": "", "last_name": "", "email": "nelleria13@gmail.com", "is_staff": false, "is_active": true, "date_joined": "2025-06-01T10:09:11.580Z", "role": "customer", "is_approved": true, "date_requested": "2025-06-01T10:09:12.349Z", "groups": [], "user_permissions": []}}, {"model": "users.user", "pk": 15, "fields": {"password": "pbkdf2_sha256$1000000$KZ1PnbG2xn0xh8c0JaNGvG$4JOGC7Tt6nfz2JfaBgE8owyLSpKc8wINZRo5/PwFylY=", "last_login": "2025-06-01T10:42:26.441Z", "is_superuser": false, "username": "deliveryako", "first_name": "", "last_name": "", "email": "angelabodino0313@gmail.com", "is_staff": false, "is_active": true, "date_joined": "2025-06-01T10:41:23Z", "role": "delivery", "is_approved": true, "date_requested": "2025-06-01T10:41:24.675Z", "groups": [], "user_permissions": []}}, {"model": "users.user", "pk": 16, "fields": {"password": "pbkdf2_sha256$1000000$SaDmk2QdSJNF7hckca1Uax$Zo1cOXuhP0CzhUnx5pHrOT9+JuzzbhCfLOGTwfbHDAk=", "last_login": "2025-10-04T16:57:23.385Z", "is_superuser": false, "username": "customer3", "first_name": "Gene", "last_name": "Aus", "email": "austriagenesis8@gmail.com", "is_staff": false, "is_active": true, "date_joined": "2025-06-02T18:13:14.963Z", "role": "customer", "is_approved": true, "date_requested": "2025-06-02T18:13:15.464Z", "groups": [], "user_permissions": []}}, {"model": "users.user", "pk": 17, "fields": {"password": "pbkdf2_sha256$1000000$SlImFIScqkf6fOrOQdiXd6$R9bf4huUlCI85Zwu0N7VCogLfy3unXBIH1c63dfb8XQ=", "last_login": "2025-10-04T16:35:22Z", "is_superuser": false, "username": "jojo", "first_name": "jo", "last_name": "jo", "email": "ooj646696@gmail.com", "is_staff": false, "is_active": true, "date_joined": "2025-06-02T19:11:59Z", "role": "customer", "is_approved": true, "date_requested": "2025-06-02T19:12:00.485Z", "groups": [], "user_permissions": []}}, {"model": "users.user", "pk": 18, "fields": {"password": "pbkdf2_sha256$1000000$EmGTHz8pwv6UIJtXdpSnJR$B2IFgp4uS99uMgDugeJcXyF0SC2o36bzw02W0hZ2Ulg=", "last_login": "2025-09-11T16:16:41.774Z", "is_superuser": false, "username": "benjie", "first_name": "", "last_name": "", "email": "jbsiena05@gmail.com", "is_staff": false, "is_active": true, "date_joined": "2025-09-11T16:16:02.222Z", "role": "customer", "is_approved": true, "date_requested": "2025-09-11T16:16:04.551Z", "groups": [], "user_permissions": []}}, {"model": "users.user", "pk": 19, "fields": {"password": "pbkdf2_sha256$1000000$Y2R59ttXK1TtbUyhLp5wx2$3DQrWs1SCg+TsD40jLD7Vzv9M+Hyv7Bd+ZvZIsa9ubI=", "last_login": "2025-10-03T10:54:50.584Z", "is_superuser": true, "username": "supplier", "first_name": "", "last_name": "", "email": "", "is_staff": true, "is_active": true, "date_joined": "2025-10-03T10:50:35Z", "role": "supplier", "is_approved": true, "date_requested": "2025-10-03T10:50:35.760Z", "groups": [], "user_permissions": []}}, {"model": "users.customerprofile", "pk": 1, "fields": {"user": 16, "phone": "09128794756", "street_address": "purok narra,Isabang", "city": "Lucena City", "province": "Quezon", "zip_code": "4301"}}, {"model": "users.customerprofile", "pk": 2, "fields": {"user": 17, "phone": "09125124312", "street_address": "", "city": "", "province": "", "zip_code": ""}}, {"model": "users.customerprofile", "pk": 3, "fields": {"user": 18, "phone": "09126567890", "street_address": "", "city": "", "province": "", "zip_code": ""}}, {"model": "suppliers.supplier", "pk": 1, "fields": {"name": "Zesto Corp", "contact_person": "Mr.Zesto", "phone": "0912 123 4567", "email": "angeladanelle13@gmail.com", "address": "dun sa may zestohan"}}, {"model": "suppliers.supplier", "pk": 2, "fields": {"name": "Gardenia", "contact_person": "Mr. Gardenia", "phone": "09127566789", "email": "gardenia@gmail.com", "address": "sa Gardenia"}}, {"model": "suppliers.supplier", "pk": 3, "fields": {"name": "Del Monte", "contact_person": "Mr. Del monte", "phone": "09122345678", "email": "delmonte@gmail.com", "address": "sa delmonte"}}, {"model": "suppliers.supplier", "pk": 4, "fields": {"name": "GreatStar Isopropyl Alcohol Distributor", "contact_person": "Mr. Greatstar", "phone": "09124567895", "email": "greatstar@gmail.com", "address": "sa greatstar"}}, {"model": "purchase_orders.purchaseorder", "pk": 3, "fields": {"purchase_order_id": "POBUGL2J1J", "supplier": 1, "order_date": "2025-06-01T06:41:45.061Z", "expected_delivery_date": "2025-06-20", "received_date": null, "status": "ordered", "total_cost": "4800.00", "is_deleted": false, "deleted_at": null, "notes": "10 boxes of zesto orange\r\n30 boxes of zesto apple", "pay_later": false, "payment_due_date": null}}, {"model": "purchase_orders.purchaseorder", "pk": 7, "fields": {"purchase_order_id": "PO4HJD0FWR", "supplier": 1, "order_date": "2025-06-01T08:41:19.768Z", "expected_delivery_date": "2025-07-04", "received_date": null, "status": "ordered", "total_cost": "200.00", "is_deleted": false, "deleted_at": null, "notes": "10 yakult big sized\r\n30 yakult pack small", "pay_later": false, "payment_due_date": null}}, {"model": "purchase_orders.purchaseorder", "pk": 8, "fields": {"purchase_order_id": "POF1KF6JAH", "supplier": 1, "order_date": "2025-06-01T08:48:59.662Z", "expected_delivery_date": "2025-06-28", "received_date": null, "status": "ordered", "total_cost": "0.00", "is_deleted": false, "deleted_at": null, "notes": "zesto at zesto", "pay_later": false, "payment_due_date": null}}, {"model": "purchase_orders.purchaseorder", "pk": 9, "fields": {"purchase_order_id": "PO4J4621MZ", "supplier": 1, "order_date": "2025-06-01T08:54:29.705Z", "expected_delivery_date": "2025-06-27", "received_date": null, "status": "ordered", "total_cost": "3952.00", "is_deleted": false, "deleted_at": null, "notes": "fdvbrtbbr", "pay_later": false, "payment_due_date": null}}, {"model": "purchase_orders.purchaseorder", "pk": 10, "fields": {"purchase_order_id": "POYLUXF043", "supplier": 1, "order_date": "2025-06-01T08:54:41.220Z", "expected_delivery_date": "2025-06-25", "received_date": null, "status": "cancelled", "total_cost": "0.00", "is_deleted": true, "deleted_at": "2025-06-01T09:45:48.442Z", "notes": "btrbtybtybtyb", "pay_later": false, "payment_due_date": null}}, {"model": "purchase_orders.purchaseorder", "pk": 11, "fields": {"purchase_order_id": "PO1TV9M2FP", "supplier": 1, "order_date": "2025-06-01T08:54:52.718Z", "expected_delivery_date": "2025-06-20", "received_date": null, "status": "draft", "total_cost": "0.00", "is_deleted": false, "deleted_at": null, "notes": "btbtybntybnt6ybn", "pay_later": false, "payment_due_date": null}}, {"model": "purchase_orders.purchaseorder", "pk": 12, "fields": {"purchase_order_id": "POP1AQVPND", "supplier": 1, "order_date": "2025-06-01T09:46:06.792Z", "expected_delivery_date": "2025-06-14", "received_date": null, "status": "pending", "total_cost": "0.00", "is_deleted": false, "deleted_at": null, "notes": "vbbgbrdbtfrb", "pay_later": false, "payment_due_date": null}}, {"model": "purchase_orders.purchaseorderitem", "pk": 4, "fields": {"purchase_order": 3, "product_name_text": "zesto", "description": "orange (box)", "product_variant": null, "quantity_ordered": 10, "quantity_received": 0, "unit_cost": "120.00"}}, {"model": "purchase_orders.purchaseorderitem", "pk": 5, "fields": {"purchase_order": 3, "product_name_text": "zesto", "description": "apple (box)", "product_variant": null, "quantity_ordered": 30, "quantity_received": 0, "unit_cost": "120.00"}}, {"model": "purchase_orders.purchaseorderitem", "pk": 6, "fields": {"purchase_order": 7, "product_name_text": "yakult", "description": "big", "product_variant": null, "quantity_ordered": 10, "quantity_received": 0, "unit_cost": "20.00"}}, {"model": "purchase_orders.purchaseorderitem", "pk": 7, "fields": {"purchase_order": 9, "product_name_text": "yakult", "description": "trgbrtb", "product_variant": null, "quantity_ordered": 10, "quantity_received": 0, "unit_cost": "20.00"}}, {"model": "purchase_orders.purchaseorderitem", "pk": 8, "fields": {"purchase_order": 9, "product_name_text": "btybyb", "description": "bytb5", "product_variant": null, "quantity_ordered": 67, "quantity_received": 0, "unit_cost": "56.00"}}, {"model": "delivery.delivery", "pk": 37, "fields": {"order": 37, "delivery_status": "delivered", "delivered_at": null, "is_archived": true}}, {"model": "delivery.delivery", "pk": 38, "fields": {"order": 38, "delivery_status": "delivered", "delivered_at": "2025-06-03T00:26:24.039Z", "is_archived": false}}, {"model": "delivery.delivery", "pk": 39, "fields": {"order": 39, "delivery_status": "delivered", "delivered_at": "2025-09-11T16:18:21.889Z", "is_archived": true}}, {"model": "delivery.delivery", "pk": 40, "fields": {"order": 40, "delivery_status": "delivered", "delivered_at": "2025-06-03T01:55:45.096Z", "is_archived": true}}, {"model": "delivery.delivery", "pk": 41, "fields": {"order": 41, "delivery_status": "delivered", "delivered_at": "2025-06-03T01:52:29.669Z", "is_archived": false}}, {"model": "delivery.delivery", "pk": 42, "fields": {"order": 42, "delivery_status": "out_for_delivery", "delivered_at": "2025-09-11T16:18:30.702Z", "is_archived": false}}, {"model": "delivery.delivery", "pk": 43, "fields": {"order": 43, "delivery_status": "pending_dispatch", "delivered_at": "2025-09-11T16:18:37.171Z", "is_archived": false}}, {"model": "delivery.delivery", "pk": 44, "fields": {"order": 44, "delivery_status": "delivered", "delivered_at": "2025-09-11T16:18:46.604Z", "is_archived": false}}, {"model": "delivery.delivery", "pk": 45, "fields": {"order": 45, "delivery_status": "pending_dispatch", "delivered_at": null, "is_archived": true}}, {"model": "delivery.delivery", "pk": 46, "fields": {"order": 46, "delivery_status": "pending_dispatch", "delivered_at": null, "is_archived": true}}, {"model": "delivery.delivery", "pk": 47, "fields": {"order": 47, "delivery_status": "pending_dispatch", "delivered_at": "2025-09-24T16:03:12.894Z", "is_archived": false}}, {"model": "delivery.delivery", "pk": 48, "fields": {"order": 48, "delivery_status": "pending_dispatch", "delivered_at": null, "is_archived": false}}, {"model": "delivery.delivery", "pk": 49, "fields": {"order": 49, "delivery_status": "delivered", "delivered_at": "2025-10-04T16:29:49.259Z", "is_archived": false}}, {"model": "delivery.delivery", "pk": 50, "fields": {"order": 50, "delivery_status": "pending_dispatch", "delivered_at": null, "is_archived": false}}, {"model": "delivery.delivery", "pk": 51, "fields": {"order": 51, "delivery_status": "pending_dispatch", "delivered_at": null, "is_archived": false}}, {"model": "delivery.delivery", "pk": 52, "fields": {"order": 52, "delivery_status": "pending_dispatch", "delivered_at": null, "is_archived": false}}, {"model": "delivery.delivery", "pk": 53, "fields": {"order": 53, "delivery_status": "pending_dispatch", "delivered_at": null, "is_archived": false}}, {"model": "delivery.delivery", "pk": 54, "fields": {"order": 54, "delivery_status": "pending_dispatch", "delivered_at": null, "is_archived": false}}, {"model": "orders.order", "pk": 35, "fields": {"order_id": "ORD2DRUP15B", "customer": 17, "payment_method": "COD", "status": "Pending", "order_date": "2025-06-02T22:30:43.993Z", "expected_delivery_date": null, "is_deleted": true, "deleted_at": "2025-06-02T22:54:18.727Z", "stock_deducted": false, "stock_deducted_at": null, "stock_restored": false, "stock_restored_at": null}}, {"model": "orders.order", "pk": 36, "fields": {"order_id": "ORDWXDXBOS5", "customer": 17, "payment_method": "COD", "status": "Pending", "order_date": "2025-06-02T22:32:02.429Z", "expected_delivery_date": null, "is_deleted": true, "deleted_at": "2025-06-02T22:54:18.712Z", "stock_deducted": false, "stock_deducted_at": null, "stock_restored": false, "stock_restored_at": null}}, {"model": "orders.order", "pk": 37, "fields": {"order_id": "ORDKG0HKAAN", "customer": 16, "payment_method": "COD", "status": "completed", "order_date": "2025-06-02T22:35:03.532Z", "expected_delivery_date": null, "is_deleted": true, "deleted_at": "2025-06-03T01:56:51.593Z", "stock_deducted": false, "stock_deducted_at": null, "stock_restored": false, "stock_restored_at": null}}, {"model": "orders.order", "pk": 38, "fields": {"order_id": "ORD0H8MVMTF", "customer": 17, "payment_method": "COD", "status": "completed", "order_date": "2025-06-03T00:21:33.045Z", "expected_delivery_date": "2025-06-03", "is_deleted": true, "deleted_at": "2025-06-03T01:56:51.584Z", "stock_deducted": false, "stock_deducted_at": null, "stock_restored": false, "stock_restored_at": null}}, {"model": "orders.order", "pk": 39, "fields": {"order_id": "ORD0TW1MJBC", "customer": null, "payment_method": "COD", "status": "completed", "order_date": "2025-06-03T00:58:36.177Z", "expected_delivery_date": null, "is_deleted": true, "deleted_at": "2025-06-03T01:50:18.093Z", "stock_deducted": false, "stock_deducted_at": null, "stock_restored": false, "stock_restored_at": null}}, {"model": "orders.order", "pk": 40, "fields": {"order_id": "ORD7YOL3SFM", "customer": null, "payment_method": "COD", "status": "completed", "order_date": "2025-06-03T01:44:22.359Z", "expected_delivery_date": null, "is_deleted": true, "deleted_at": "2025-06-03T01:50:18.082Z", "stock_deducted": false, "stock_deducted_at": null, "stock_restored": false, "stock_restored_at": null}}, {"model": "orders.order", "pk": 41, "fields": {"order_id": "ORDK8LQCMVY", "customer": 17, "payment_method": "COD", "status": "completed", "order_date": "2025-06-03T01:47:31.621Z", "expected_delivery_date": null, "is_deleted": true, "deleted_at": "2025-06-03T01:56:51.567Z", "stock_deducted": false, "stock_deducted_at": null, "stock_restored": false, "stock_restored_at": null}}, {"model": "orders.order", "pk": 42, "fields": {"order_id": "ORD18MRPBUX", "customer": 10, "payment_method": "COD", "status": "Completed", "order_date": "2025-09-10T13:52:43.939Z", "expected_delivery_date": null, "is_deleted": false, "deleted_at": null, "stock_deducted": false, "stock_deducted_at": null, "stock_restored": false, "stock_restored_at": null}}, {"model": "orders.order", "pk": 43, "fields": {"order_id": "ORDBUBYVK6H", "customer": 10, "payment_method": "COD", "status": "Completed", "order_date": "2025-09-10T14:09:42.759Z", "expected_delivery_date": null, "is_deleted": false, "deleted_at": null, "stock_deducted": false, "stock_deducted_at": null, "stock_restored": false, "stock_restored_at": null}}, {"model": "orders.order", "pk": 44, "fields": {"order_id": "ORD2IIP9892", "customer": 10, "payment_method": "COD", "status": "completed", "order_date": "2025-09-11T13:58:32Z", "expected_delivery_date": null, "is_deleted": false, "deleted_at": null, "stock_deducted": false, "stock_deducted_at": null, "stock_restored": false, "stock_restored_at": null}}, {"model": "orders.order", "pk": 45, "fields": {"order_id": "ORDS07ENVBP", "customer": 18, "payment_method": "COD", "status": "Pending", "order_date": "2025-08-14T16:26:37Z", "expected_delivery_date": "2025-08-14", "is_deleted": false, "deleted_at": null, "stock_deducted": false, "stock_deducted_at": null, "stock_restored": false, "stock_restored_at": null}}, {"model": "orders.order", "pk": 46, "fields": {"order_id": "ORDK81EQGSO", "customer": 18, "payment_method": "COD", "status": "Pending", "order_date": "2025-07-10T16:27:41Z", "expected_delivery_date": "2025-07-10", "is_deleted": false, "deleted_at": null, "stock_deducted": false, "stock_deducted_at": null, "stock_restored": false, "stock_restored_at": null}}, {"model": "orders.order", "pk": 47, "fields": {"order_id": "ORDIK9CZZ9R", "customer": 18, "payment_method": "COD", "status": "Pending", "order_date": "2025-06-11T16:28:24Z", "expected_delivery_date": "2025-06-11", "is_deleted": false, "deleted_at": null, "stock_deducted": false, "stock_deducted_at": null, "stock_restored": false, "stock_restored_at": null}}, {"model": "orders.order", "pk": 48, "fields": {"order_id": "ORD4IJC1SSZ", "customer": 16, "payment_method": "COD", "status": "Pending", "order_date": "2025-10-04T09:25:11.188Z", "expected_delivery_date": null, "is_deleted": false, "deleted_at": null, "stock_deducted": false, "stock_deducted_at": null, "stock_restored": false, "stock_restored_at": null}}, {"model": "orders.order", "pk": 49, "fields": {"order_id": "ORDIQSRYA9S", "customer": 16, "payment_method": "COD", "status": "completed", "order_date": "2025-10-04T14:22:08.586Z", "expected_delivery_date": null, "is_deleted": false, "deleted_at": null, "stock_deducted": true, "stock_deducted_at": "2025-10-04T14:22:08.592Z", "stock_restored": false, "stock_restored_at": null}}, {"model": "orders.order", "pk": 50, "fields": {"order_id": "ORDS83XAWPQ", "customer": 17, "payment_method": "COD", "status": "Completed", "order_date": "2025-08-12T15:52:48Z", "expected_delivery_date": "2025-08-13", "is_deleted": false, "deleted_at": null, "stock_deducted": false, "stock_deducted_at": null, "stock_restored": false, "stock_restored_at": null}}, {"model": "orders.order", "pk": 51, "fields": {"order_id": "ORD2CCXKDA9", "customer": 16, "payment_method": "COD", "status": "Completed", "order_date": "2025-07-01T15:55:03Z", "expected_delivery_date": "2025-07-01", "is_deleted": false, "deleted_at": null, "stock_deducted": false, "stock_deducted_at": null, "stock_restored": false, "stock_restored_at": null}}, {"model": "orders.order", "pk": 52, "fields": {"order_id": "ORDTF4G93RH", "customer": 16, "payment_method": "COD", "status": "Completed", "order_date": "2025-06-03T15:55:42Z", "expected_delivery_date": "2025-06-03", "is_deleted": false, "deleted_at": null, "stock_deducted": false, "stock_deducted_at": null, "stock_restored": false, "stock_restored_at": null}}, {"model": "orders.order", "pk": 53, "fields": {"order_id": "ORDY0CQEZ6O", "customer": 16, "payment_method": "COD", "status": "Completed", "order_date": "2025-05-08T16:13:59Z", "expected_delivery_date": "2025-05-08", "is_deleted": false, "deleted_at": null, "stock_deducted": false, "stock_deducted_at": null, "stock_restored": false, "stock_restored_at": null}}, {"model": "orders.order", "pk": 54, "fields": {"order_id": "ORDGCGPDUJ7", "customer": 16, "payment_method": "COD", "status": "Pending", "order_date": "2025-10-04T18:17:18.645Z", "expected_delivery_date": null, "is_deleted": false, "deleted_at": null, "stock_deducted": true, "stock_deducted_at": "2025-10-04T18:17:18.658Z", "stock_restored": false, "stock_restored_at": null}}, {"model": "orders.orderitem", "pk": 38, "fields": {"order": 35, "product_variant": 3, "quantity": 1, "price_at_order": "12.00", "added_at": "2025-06-02T22:30:44.009Z"}}, {"model": "orders.orderitem", "pk": 39, "fields": {"order": 35, "product_variant": 2, "quantity": 1, "price_at_order": "61.00", "added_at": "2025-06-02T22:30:44.009Z"}}, {"model": "orders.orderitem", "pk": 40, "fields": {"order": 35, "product_variant": 5, "quantity": 2, "price_at_order": "120.00", "added_at": "2025-06-02T22:30:44.009Z"}}, {"model": "orders.orderitem", "pk": 41, "fields": {"order": 36, "product_variant": 2, "quantity": 1, "price_at_order": "61.00", "added_at": "2025-06-02T22:32:02.435Z"}}, {"model": "orders.orderitem", "pk": 42, "fields": {"order": 37, "product_variant": 2, "quantity": 1, "price_at_order": "61.00", "added_at": "2025-06-02T22:35:03.541Z"}}, {"model": "orders.orderitem", "pk": 43, "fields": {"order": 38, "product_variant": 6, "quantity": 1, "price_at_order": "138.00", "added_at": "2025-06-03T00:21:33.064Z"}}, {"model": "orders.orderitem", "pk": 44, "fields": {"order": 39, "product_variant": 2, "quantity": 1, "price_at_order": "61.00", "added_at": "2025-06-03T00:58:36.188Z"}}, {"model": "orders.orderitem", "pk": 45, "fields": {"order": 40, "product_variant": 5, "quantity": 1, "price_at_order": "120.00", "added_at": "2025-06-03T01:44:22.372Z"}}, {"model": "orders.orderitem", "pk": 46, "fields": {"order": 41, "product_variant": 6, "quantity": 1, "price_at_order": "138.00", "added_at": "2025-06-03T01:47:31.630Z"}}, {"model": "orders.orderitem", "pk": 47, "fields": {"order": 42, "product_variant": 2, "quantity": 1, "price_at_order": "61.00", "added_at": "2025-09-10T13:52:43.950Z"}}, {"model": "orders.orderitem", "pk": 48, "fields": {"order": 43, "product_variant": 3, "quantity": 1, "price_at_order": "12.00", "added_at": "2025-09-10T14:09:42.764Z"}}, {"model": "orders.orderitem", "pk": 49, "fields": {"order": 44, "product_variant": 2, "quantity": 1, "price_at_order": "61.00", "added_at": "2025-09-11T13:58:32.441Z"}}, {"model": "orders.orderitem", "pk": 50, "fields": {"order": 44, "product_variant": 3, "quantity": 1, "price_at_order": "12.00", "added_at": "2025-09-11T13:58:32.442Z"}}, {"model": "orders.orderitem", "pk": 51, "fields": {"order": 45, "product_variant": 2, "quantity": 2, "price_at_order": "61.00", "added_at": "2025-09-11T16:27:38.951Z"}}, {"model": "orders.orderitem", "pk": 52, "fields": {"order": 46, "product_variant": 2, "quantity": 1, "price_at_order": "61.00", "added_at": "2025-09-11T16:28:23.912Z"}}, {"model": "orders.orderitem", "pk": 53, "fields": {"order": 47, "product_variant": 2, "quantity": 3, "price_at_order": "61.00", "added_at": "2025-09-11T16:28:53.406Z"}}, {"model": "orders.orderitem", "pk": 54, "fields": {"order": 48, "product_variant": 8, "quantity": 1, "price_at_order": "14.00", "added_at": "2025-10-04T09:25:11.199Z"}}, {"model": "orders.orderitem", "pk": 55, "fields": {"order": 49, "product_variant": 8, "quantity": 1, "price_at_order": "14.00", "added_at": "2025-10-04T14:22:08.591Z"}}, {"model": "orders.orderitem", "pk": 56, "fields": {"order": 50, "product_variant": 5, "quantity": 6, "price_at_order": "120.00", "added_at": "2025-10-04T15:53:38.085Z"}}, {"model": "orders.orderitem", "pk": 57, "fields": {"order": 51, "product_variant": 6, "quantity": 10, "price_at_order": "138.00", "added_at": "2025-10-04T15:55:42.662Z"}}, {"model": "orders.orderitem", "pk": 58, "fields": {"order": 52, "product_variant": 5, "quantity": 15, "price_at_order": "120.00", "added_at": "2025-10-04T15:56:16.091Z"}}, {"model": "orders.orderitem", "pk": 59, "fields": {"order": 53, "product_variant": 5, "quantity": 10, "price_at_order": "120.00", "added_at": "2025-10-04T16:14:56.852Z"}}, {"model": "orders.orderitem", "pk": 60, "fields": {"order": 54, "product_variant": 2, "quantity": 1, "price_at_order": "61.00", "added_at": "2025-10-04T18:17:18.657Z"}}, {"model": "orders.manualorder", "pk": 1, "fields": {"manual_order_id": "MAN81I6R2K2", "customer": null, "customer_name": "jomarie roperez", "customer_email": "roperezjomarie@gmail.com", "customer_phone": "09127577374", "order_source": "walk_in", "shipping_address": "purok narra,Isabang", "billing_address": "as", "payment_method": "COD", "status": "Returned", "order_date": "2025-10-04T14:38:19Z", "expected_delivery_date": null, "notes": "", "is_deleted": false, "deleted_at": "2025-10-04T15:09:53.502Z", "created_by": 1, "created_at": "2025-10-04T14:38:19.197Z", "updated_at": "2025-10-04T15:22:20.119Z", "stock_deducted": true, "stock_deducted_at": "2025-10-04T14:38:19Z", "stock_restored": false, "stock_restored_at": null}}, {"model": "orders.manualorder", "pk": 2, "fields": {"manual_order_id": "MANCOYUVLGZ", "customer": null, "customer_name": "jomarie roperez", "customer_email": "roperezjomarie@gmail.com", "customer_phone": "09127577374", "order_source": "walk_in", "shipping_address": "purok narra,Isabang", "billing_address": "purok narra,Isabang", "payment_method": "COD", "status": "Pending", "order_date": "2025-10-04T14:39:03.560Z", "expected_delivery_date": null, "notes": "", "is_deleted": true, "deleted_at": "2025-10-04T15:15:54.960Z", "created_by": 1, "created_at": "2025-10-04T14:39:03.563Z", "updated_at": "2025-10-04T15:15:54.960Z", "stock_deducted": true, "stock_deducted_at": "2025-10-04T14:39:03.567Z", "stock_restored": false, "stock_restored_at": null}}, {"model": "orders.manualorder", "pk": 3, "fields": {"manual_order_id": "MANFC0CS2FE", "customer": null, "customer_name": "dyan lang hospital", "customer_email": "user1@gmail.com", "customer_phone": "09125678790", "order_source": "b2b", "shipping_address": "purok narra,Isabang", "billing_address": "purok narra,Isabang", "payment_method": "COD", "status": "Completed", "order_date": "2025-10-04T14:41:55Z", "expected_delivery_date": null, "notes": "", "is_deleted": false, "deleted_at": "2025-10-04T15:16:06.513Z", "created_by": 1, "created_at": "2025-10-04T14:41:55.086Z", "updated_at": "2025-10-04T15:19:07.593Z", "stock_deducted": true, "stock_deducted_at": "2025-10-04T14:41:55Z", "stock_restored": false, "stock_restored_at": null}}, {"model": "orders.manualorder", "pk": 4, "fields": {"manual_order_id": "MANJLZNZKJY", "customer": null, "customer_name": "nc", "customer_email": "user1@gmail.com", "customer_phone": "09125678790", "order_source": "b2b", "shipping_address": "purok narra,Isabang", "billing_address": "purok narra,Isabang", "payment_method": "COD", "status": "Completed", "order_date": "2025-10-04T14:43:58Z", "expected_delivery_date": null, "notes": "", "is_deleted": false, "deleted_at": null, "created_by": 1, "created_at": "2025-10-04T14:43:58.008Z", "updated_at": "2025-10-04T15:50:42.970Z", "stock_deducted": true, "stock_deducted_at": "2025-10-04T15:50:42.989Z", "stock_restored": false, "stock_restored_at": null}}, {"model": "orders.manualorder", "pk": 5, "fields": {"manual_order_id": "MANG3LQZ17N", "customer": null, "customer_name": "jaa", "customer_email": "user1@gmail.com", "customer_phone": "09125678790", "order_source": "b2b", "shipping_address": "purok narra,Isabang", "billing_address": "purok narra,Isabang", "payment_method": "COD", "status": "Returned", "order_date": "2025-10-04T15:17:37.556Z", "expected_delivery_date": null, "notes": "", "is_deleted": false, "deleted_at": null, "created_by": 1, "created_at": "2025-10-04T15:17:37.586Z", "updated_at": "2025-10-04T15:43:12.269Z", "stock_deducted": true, "stock_deducted_at": "2025-10-04T15:17:37.592Z", "stock_restored": false, "stock_restored_at": null}}, {"model": "orders.manualorder", "pk": 6, "fields": {"manual_order_id": "MANI8CIV1BY", "customer": null, "customer_name": "takaw kape", "customer_email": "user1@gmail.com", "customer_phone": "09125678790", "order_source": "walk_in", "shipping_address": "purok narra,Isabang", "billing_address": "purok narra,Isabang", "payment_method": "COD", "status": "Returned", "order_date": "2025-10-04T15:23:34.089Z", "expected_delivery_date": null, "notes": "", "is_deleted": false, "deleted_at": null, "created_by": 1, "created_at": "2025-10-04T15:23:34.117Z", "updated_at": "2025-10-04T15:47:56.267Z", "stock_deducted": true, "stock_deducted_at": "2025-10-04T15:23:34.123Z", "stock_restored": true, "stock_restored_at": "2025-10-04T15:47:56.283Z"}}, {"model": "orders.manualorder", "pk": 7, "fields": {"manual_order_id": "MANZ1XNW76L", "customer": null, "customer_name": "wewe", "customer_email": "user1@gmail.com", "customer_phone": "09125678790", "order_source": "walk_in", "shipping_address": "purok narra,Isabang", "billing_address": "purok narra,Isabang", "payment_method": "COD", "status": "Pending", "order_date": "2025-09-01T15:50:31Z", "expected_delivery_date": "2025-09-01", "notes": "", "is_deleted": false, "deleted_at": null, "created_by": 1, "created_at": "2025-10-04T15:50:31.619Z", "updated_at": "2025-10-04T15:51:35.343Z", "stock_deducted": true, "stock_deducted_at": "2025-10-04T15:50:31Z", "stock_restored": false, "stock_restored_at": null}}, {"model": "orders.manualorder", "pk": 8, "fields": {"manual_order_id": "MAN7C1YZU40", "customer": null, "customer_name": "weew", "customer_email": "user1@gmail.com", "customer_phone": "09125678790", "order_source": "walk_in", "shipping_address": "purok narra,Isabang", "billing_address": "purok narra,Isabang", "payment_method": "COD", "status": "Completed", "order_date": "2025-08-01T15:59:33Z", "expected_delivery_date": "2025-08-01", "notes": "", "is_deleted": false, "deleted_at": null, "created_by": 1, "created_at": "2025-10-04T15:58:05.775Z", "updated_at": "2025-10-04T15:59:51.501Z", "stock_deducted": true, "stock_deducted_at": "2025-10-04T15:58:05Z", "stock_restored": false, "stock_restored_at": null}}, {"model": "orders.manualorderitem", "pk": 1, "fields": {"order": 1, "product_variant": 8, "quantity": 1, "price_at_order": "14.00", "added_at": "2025-10-04T14:38:19.199Z"}}, {"model": "orders.manualorderitem", "pk": 2, "fields": {"order": 2, "product_variant": 7, "quantity": 5, "price_at_order": "5.00", "added_at": "2025-10-04T14:39:03.565Z"}}, {"model": "orders.manualorderitem", "pk": 3, "fields": {"order": 3, "product_variant": 6, "quantity": 4, "price_at_order": "138.00", "added_at": "2025-10-04T14:41:55.088Z"}}, {"model": "orders.manualorderitem", "pk": 4, "fields": {"order": 4, "product_variant": 5, "quantity": 15, "price_at_order": "120.00", "added_at": "2025-10-04T14:43:58.009Z"}}, {"model": "orders.manualorderitem", "pk": 5, "fields": {"order": 5, "product_variant": 7, "quantity": 25, "price_at_order": "5.00", "added_at": "2025-10-04T15:17:37.589Z"}}, {"model": "orders.manualorderitem", "pk": 6, "fields": {"order": 6, "product_variant": 7, "quantity": 5, "price_at_order": "5.00", "added_at": "2025-10-04T15:23:34.119Z"}}, {"model": "orders.manualorderitem", "pk": 7, "fields": {"order": 7, "product_variant": 5, "quantity": 5, "price_at_order": "120.00", "added_at": "2025-10-04T15:50:31.621Z"}}, {"model": "orders.manualorderitem", "pk": 8, "fields": {"order": 8, "product_variant": 5, "quantity": 20, "price_at_order": "120.00", "added_at": "2025-10-04T15:58:05.776Z"}}, {"model": "store.productvariant", "pk": 2, "fields": {"product": 3, "sku": "8FEBC38305-DEF", "size": "100ml", "color": null, "price": "61.00", "is_active": true}}, {"model": "store.productvariant", "pk": 3, "fields": {"product": 2, "sku": "B988D4F274-DEF", "size": "Net wt. 56g", "color": null, "price": "12.00", "is_active": true}}, {"model": "store.productvariant", "pk": 5, "fields": {"product": 6, "sku": "8B37D4EA0B-DEF", "size": null, "color": null, "price": "120.00", "is_active": true}}, {"model": "store.productvariant", "pk": 6, "fields": {"product": 8, "sku": "8-500ml-N/A", "size": "500ml", "color": null, "price": "138.00", "is_active": true}}, {"model": "store.productvariant", "pk": 7, "fields": {"product": 14, "sku": "14-small-N/A", "size": "small", "color": null, "price": "5.00", "is_active": true}}, {"model": "store.productvariant", "pk": 8, "fields": {"product": 15, "sku": "F70FC207D0-DEFAULT", "size": "50mg", "color": null, "price": "14.00", "is_active": true}}, {"model": "store.cart", "pk": 1, "fields": {"user": null, "session_key": "q3ee0h5j31y6vankdvjl00tgwhhg23fn", "created_at": "2025-05-30T20:19:32.596Z", "updated_at": "2025-05-30T20:19:32.596Z"}}, {"model": "store.cart", "pk": 2, "fields": {"user": 1, "session_key": null, "created_at": "2025-05-30T20:35:43.710Z", "updated_at": "2025-05-30T20:35:43.710Z"}}, {"model": "store.cart", "pk": 6, "fields": {"user": null, "session_key": "o6kf8jsmaa18yll44sqnufskfqwmbmh6", "created_at": "2025-05-31T04:21:23.461Z", "updated_at": "2025-05-31T04:21:23.461Z"}}, {"model": "store.cart", "pk": 7, "fields": {"user": 5, "session_key": null, "created_at": "2025-05-31T04:28:39.719Z", "updated_at": "2025-05-31T04:28:39.719Z"}}, {"model": "store.cart", "pk": 8, "fields": {"user": null, "session_key": "crnplfdcs7kd0kme7t5nml91y3o2ttfv", "created_at": "2025-05-31T06:24:24.477Z", "updated_at": "2025-05-31T06:24:24.477Z"}}, {"model": "store.cart", "pk": 22, "fields": {"user": null, "session_key": "ypm75x28zsk3ldxd8jas87mb6fceh8bb", "created_at": "2025-06-01T03:53:47.837Z", "updated_at": "2025-06-01T03:53:47.837Z"}}, {"model": "store.cart", "pk": 24, "fields": {"user": null, "session_key": "f981p1r5yeldlfuczewuddgli6q7v4sk", "created_at": "2025-06-01T10:12:29.586Z", "updated_at": "2025-06-01T10:12:29.586Z"}}, {"model": "store.cart", "pk": 26, "fields": {"user": 14, "session_key": null, "created_at": "2025-06-01T10:39:40.729Z", "updated_at": "2025-06-01T10:39:40.729Z"}}, {"model": "store.cart", "pk": 27, "fields": {"user": null, "session_key": "7acdbf1owojihb5nh8gflkc0d59qslj5", "created_at": "2025-06-02T06:26:13.410Z", "updated_at": "2025-06-02T06:26:13.410Z"}}, {"model": "store.cart", "pk": 28, "fields": {"user": null, "session_key": "wt4v16iwbzb0wkjv2sfm0d8ui23smnbo", "created_at": "2025-06-02T06:32:21.104Z", "updated_at": "2025-06-02T06:32:21.104Z"}}, {"model": "store.cart", "pk": 29, "fields": {"user": null, "session_key": "po1hc3pf4pkliejhkzoatlyrva875yyh", "created_at": "2025-06-02T06:35:32.195Z", "updated_at": "2025-06-02T06:35:32.195Z"}}, {"model": "store.cart", "pk": 30, "fields": {"user": 3, "session_key": null, "created_at": "2025-06-02T06:38:48.633Z", "updated_at": "2025-06-02T06:38:48.633Z"}}, {"model": "store.cart", "pk": 31, "fields": {"user": null, "session_key": "lpuufi770eawil9xz5kjjzh55gkog8h4", "created_at": "2025-06-02T07:05:30.813Z", "updated_at": "2025-06-02T07:05:30.813Z"}}, {"model": "store.cart", "pk": 35, "fields": {"user": null, "session_key": "97yva7ieyqxp3b8egxyhkcb3549y6cpx", "created_at": "2025-06-02T08:04:22.238Z", "updated_at": "2025-06-02T08:04:22.238Z"}}, {"model": "store.cart", "pk": 36, "fields": {"user": null, "session_key": "7v4sq7pzek5wqme95y0obfwljhluc0qp", "created_at": "2025-06-02T08:04:23.049Z", "updated_at": "2025-06-02T08:04:23.049Z"}}, {"model": "store.cart", "pk": 37, "fields": {"user": null, "session_key": "5lhsztwwp1cwm4eycs6n4fvgbcp7laqm", "created_at": "2025-06-02T08:04:23.768Z", "updated_at": "2025-06-02T08:04:23.768Z"}}, {"model": "store.cart", "pk": 38, "fields": {"user": null, "session_key": "ykzoratwy1pkj900z24m9m6satem7y1b", "created_at": "2025-06-02T08:04:24.528Z", "updated_at": "2025-06-02T08:04:24.528Z"}}, {"model": "store.cart", "pk": 39, "fields": {"user": null, "session_key": "eyk8sjs1o1o50gr8g6ckkkycm7jza9qb", "created_at": "2025-06-02T08:04:33.949Z", "updated_at": "2025-06-02T08:04:33.949Z"}}, {"model": "store.cart", "pk": 40, "fields": {"user": null, "session_key": "kw1991w4q4tqnjd7dgo74du6vapggpcp", "created_at": "2025-06-02T08:04:34.769Z", "updated_at": "2025-06-02T08:04:34.769Z"}}, {"model": "store.cart", "pk": 41, "fields": {"user": null, "session_key": "v8jk967dcan8efrmnfpw9qi66tufim5z", "created_at": "2025-06-02T08:04:35.245Z", "updated_at": "2025-06-02T08:04:35.245Z"}}, {"model": "store.cart", "pk": 42, "fields": {"user": null, "session_key": "ciz6bed6ncieb9gf1x050mj1f33cwzea", "created_at": "2025-06-02T08:04:35.495Z", "updated_at": "2025-06-02T08:04:35.495Z"}}, {"model": "store.cart", "pk": 43, "fields": {"user": null, "session_key": "n1nua3nxgd7ftlfed7j0mgx2b34b9bpy", "created_at": "2025-06-02T08:05:26.543Z", "updated_at": "2025-06-02T08:05:26.543Z"}}, {"model": "store.cart", "pk": 44, "fields": {"user": null, "session_key": "emqhxh7oosubqlhmsf3q3mkx2n00w8v0", "created_at": "2025-06-02T08:05:27.160Z", "updated_at": "2025-06-02T08:05:27.160Z"}}, {"model": "store.cart", "pk": 45, "fields": {"user": null, "session_key": "pexjrilmmui5f4nyuul3vjgnz3021mj5", "created_at": "2025-06-02T08:05:27.470Z", "updated_at": "2025-06-02T08:05:27.470Z"}}, {"model": "store.cart", "pk": 46, "fields": {"user": null, "session_key": "jp6mim98oxptxbvzci4y7jl90rq6h21m", "created_at": "2025-06-02T08:06:49.149Z", "updated_at": "2025-06-02T08:06:49.149Z"}}, {"model": "store.cart", "pk": 47, "fields": {"user": null, "session_key": "mvdoik08f5qi3dn658cvsc94ikuq4y2s", "created_at": "2025-06-02T08:07:01.244Z", "updated_at": "2025-06-02T08:07:01.244Z"}}, {"model": "store.cart", "pk": 64, "fields": {"user": null, "session_key": "mfv9d1ns1430vwah9yhadn5s4ojg7zha", "created_at": "2025-06-03T00:58:44.740Z", "updated_at": "2025-06-03T00:58:44.740Z"}}, {"model": "store.cart", "pk": 69, "fields": {"user": 18, "session_key": null, "created_at": "2025-09-11T16:16:46.187Z", "updated_at": "2025-09-11T16:16:46.187Z"}}, {"model": "store.cart", "pk": 70, "fields": {"user": null, "session_key": "mgyk4z6azbvcbgwbnn2pgui4cgmfhc75", "created_at": "2025-09-11T16:24:58.290Z", "updated_at": "2025-09-11T16:24:58.290Z"}}, {"model": "store.cart", "pk": 71, "fields": {"user": null, "session_key": "4wq6dg65ati0sjx74ypxymtrcft6nr4s", "created_at": "2025-10-03T11:22:07.791Z", "updated_at": "2025-10-03T11:22:07.791Z"}}, {"model": "store.cart", "pk": 75, "fields": {"user": 17, "session_key": null, "created_at": "2025-10-04T16:35:26.273Z", "updated_at": "2025-10-04T16:35:26.273Z"}}, {"model": "store.cart", "pk": 76, "fields": {"user": 16, "session_key": null, "created_at": "2025-10-04T18:17:31.990Z", "updated_at": "2025-10-04T18:17:31.990Z"}}, {"model": "store.cartitem", "pk": 39, "fields": {"cart": 22, "product_variant": 3, "quantity": 2, "added_at": "2025-06-01T03:53:47.841Z"}}, {"model": "store.cartitem", "pk": 40, "fields": {"cart": 22, "product_variant": 5, "quantity": 1, "added_at": "2025-06-01T03:53:48.901Z"}}, {"model": "store.cartitem", "pk": 41, "fields": {"cart": 22, "product_variant": 2, "quantity": 1, "added_at": "2025-06-01T03:53:50.529Z"}}, {"model": "store.cartitem", "pk": 45, "fields": {"cart": 24, "product_variant": 3, "quantity": 1, "added_at": "2025-06-01T10:12:37.624Z"}}, {"model": "store.cartitem", "pk": 46, "fields": {"cart": 24, "product_variant": 5, "quantity": 1, "added_at": "2025-06-01T10:12:38.299Z"}}, {"model": "store.cartitem", "pk": 47, "fields": {"cart": 24, "product_variant": 2, "quantity": 1, "added_at": "2025-06-01T10:12:39.025Z"}}, {"model": "store.cartitem", "pk": 52, "fields": {"cart": 29, "product_variant": 3, "quantity": 1, "added_at": "2025-06-02T06:35:32.200Z"}}, {"model": "store.cartitem", "pk": 54, "fields": {"cart": 30, "product_variant": 2, "quantity": 3, "added_at": "2025-06-02T06:56:25.941Z"}}, {"model": "store.cartitem", "pk": 80, "fields": {"cart": 69, "product_variant": 2, "quantity": 1, "added_at": "2025-09-11T16:16:46.202Z"}}, {"model": "store.cartitem", "pk": 85, "fields": {"cart": 75, "product_variant": 5, "quantity": 1, "added_at": "2025-10-04T16:35:26.276Z"}}, {"model": "store.cartitem", "pk": 86, "fields": {"cart": 76, "product_variant": 2, "quantity": 1, "added_at": "2025-10-04T18:17:35.121Z"}}, {"model": "transactions.transaction", "pk": 1, "fields": {"user": null, "order": null, "transaction_type": "supplier_approval", "amount": null, "timestamp": "2025-06-01T04:53:12.175Z", "description": "Supplier 'delivery2' was approved."}}, {"model": "transactions.transaction", "pk": 2, "fields": {"user": null, "order": null, "transaction_type": "supplier_approval", "amount": null, "timestamp": "2025-06-01T05:00:01.276Z", "description": "Supplier 'suppliersana' was approved."}}, {"model": "transactions.transaction", "pk": 3, "fields": {"user": null, "order": null, "transaction_type": "supplier_approval", "amount": null, "timestamp": "2025-06-01T06:01:43.233Z", "description": "Supplier 'delivery2' was approved."}}, {"model": "transactions.transaction", "pk": 4, "fields": {"user": null, "order": null, "transaction_type": "supplier_approval", "amount": null, "timestamp": "2025-06-01T06:08:51.997Z", "description": "Supplier 'delivery2' was approved."}}, {"model": "transactions.transaction", "pk": 5, "fields": {"user": 13, "order": null, "transaction_type": "supplier_approval", "amount": null, "timestamp": "2025-06-02T19:56:14.304Z", "description": "Supplier 'suppliersana' was approved."}}, {"model": "transactions.transaction", "pk": 6, "fields": {"user": 19, "order": null, "transaction_type": "supplier_approval", "amount": null, "timestamp": "2025-10-03T10:54:16.958Z", "description": "Supplier 'supplier' was approved."}}]